timestamp,symbol,message,sentiment
2026-06-14 13:51 ET,ROKU,"$ROKU ATH is $460, damn long way to go.",Bullish
2026-06-14 13:51 ET,ROKU,"$ROKU is nearly 50% of my portfolio right now and avg cost of ~$70 and I didn&#39;t think about selling and likely won&#39;t unless this goes past $200 soon or there&#39;s news of an agreed upon sale lower than that, which would be disappointing. I can&#39;t believe Anthony Wood ",Bullish
2026-06-14 13:51 ET,ROKU,$INTC $QQQ $ROKU $SPY   Ooops. Your Furu forgot to mention $INTC before the pump last week ⬇️   What a Chad.,None
2026-06-14 13:51 ET,ROKU,$ROKU Classic 🩸🩸🩸,Bearish
2026-06-14 13:51 ET,ROKU,$ROKU roku tanking,Bearish
2026-06-14 13:51 ET,ROKU,$ROKU   Massive news next week!!!!!,None
2026-06-14 13:51 ET,ROKU,Your Day Trading Watch List for June 15th in 2 Minutes: $SPY $CAST $FRMI $ROKU $ALOY   .,None
2026-06-14 13:51 ET,ROKU,"$ROKU Roku continues to grow despite, what many may consider unfair trade practices by Google. I understand Google uses its brute financial power by paying Costco to keep the likes of Roku TVs out of Costco.  Google&#39;s infinite financial pockets are seemingly able to steer or ",None
2026-06-14 13:51 ET,ROKU,"$ROKU  +20% on takeover speculation. Momentum is clearly reacting to the headline.    Potential strategic buyers being floated:  $DIS, $WBD, $PSKY -all need scale in streaming distribution, and Roku brings ~100M users into the equation.    But there’s a key structural detail most",None
2026-06-14 13:51 ET,ROKU,$ROKU Take y&#39;all profits!! Monday this will tank imo,Bearish
2026-06-14 15:56 ET,AMGN,"Dragonfly Capital - 5 Trade Ideas for Monday: Ally, Amgen, GE Aerospace, Intel and JP Morgan $ALLY $AMGN $GE $INTC $JPM https://dragonflycap.com/5-trade-ideas-for-monday-ally-amgen-ge-aerospace-intel-and-jp-morgan/ and early summe discount!",None
2026-06-14 15:56 ET,AMGN,@JayMacy The someone of great influence is  the Saudies... They are the largest holders of $AMGN and they got those two idiots at the FDA fired...,Bullish
2026-06-14 15:56 ET,AMGN,"$IBRX Patience is going to be the primary requirement if you want to have successful outcome with this outfit...   We see very few discussions as it relates to a buyout of this issue... After having been in this jizz-bizz for over 60 years, I see all the signs of a potential buy ",Bullish
2026-06-14 15:56 ET,AMGN,$AMGN $ARWR Anyone here know when CVOT data will be released for LP with a little a ? It&#39;s going to be a blockbuster!,Bullish
2026-06-14 15:56 ET,AMGN,$JNJ $AMGN $PFE $MRK $BMY,None
2026-06-14 15:56 ET,AMGN,$MNKD $MRK $AMGN It&#39;s coming.  It&#39;ll be a blockbuster.  $UTHR,Bullish
2026-06-14 15:56 ET,AMGN,AbbVie Reports Promising New Clinical Updates. Here&#39;s What It Means for the Company&#39;s Dividend: https://www.fool.com/investing/2026/06/12/abbvie-reports-promising-new-clinical-updates-here/ $ABBV $JNJ $AMGN $LLY,None
2026-06-14 15:56 ET,AMGN,$AMGN Bullish Above the Stomach Candlestick Pattern Formed,Bullish
2026-06-14 15:56 ET,AMGN,$AMGN This is gonna rip higher in the coming days. It&#39;s coming out of that slow rolling base with a break of the descending trend line and a successful retest on higher volume. $MRK $JNJ $LLY,Bullish
2026-06-14 15:56 ET,AMGN,Amgen is seeking to defend the future of Tavneos after hiring the Duke Clinical Research Institute to conduct an independent reanalysis of the clinical trial data that supported the drug’s approval. The move comes as the FDA pushes to withdraw Tavneos from the market over concern,None
2026-06-15 16:40 ET,NTLA,$NTLA .. intrest will grow here as folk digest the data signifigence and analysts assesments flow... lots to play for here... grwat news for gene therapy...,None
2026-06-15 16:40 ET,NTLA,$NTLA poor me sold at 13.5,None
2026-06-15 16:40 ET,NTLA,$NTLA Watching the consistent elevated volume.,Bullish
2026-06-15 16:40 ET,NTLA,"$NTLA with today’s good news and potential rotation from Semis to Biotech, the uptrend is just getting started.",Bullish
2026-06-15 16:40 ET,NTLA,$NTLA  this just keeps pushing without much effort,None
2026-06-15 16:40 ET,NTLA,"$NTLA seems like they want some really nasty squeeze here , 50$ on friday ,",Bullish
2026-06-15 16:40 ET,NTLA,$NTLA I thought this was Nutella and was a about to ape into this.,None
2026-06-15 16:40 ET,NTLA,$NTLA $20 by morning,Bullish
2026-06-15 16:40 ET,NTLA,$NTLA some things going last 12 minutes crazy buying going on,Bullish
2026-06-15 16:40 ET,NTLA,$NTLA shorts burning away on this baby as they will on $GDC ! lets get this news of the buy out for 10.75 ! from 10CENT to where it belongs ! 7500 $BTC.X coins like come on what more do you guys want Bears in full panic mode,None
2026-06-15 16:40 ET,HQ,$HQ Lock up period for PIPE investors is 24 months..   $IONQ owns 13% and $DELL owns 8%...  Described as Microsoft of Quantum world.. hold for gold..low float.. first target 30 to 40++  https://www.sec.gov/Archives/edgar/data/2088256/000121390026009801/ea0261018-05.htm  $RGTI $XN,Bullish
2026-06-15 16:40 ET,HQ,$HQ majorrrr 🤡,Bullish
2026-06-15 16:40 ET,HQ,Your Day Trading Watch List for June 16th in 2 Minutes (con&#39;t): $SMWB $WYFI $ARQQ $HQ $QNC   .,None
2026-06-15 16:40 ET,HQ,$HQ Smart money piling in.,Bullish
2026-06-15 16:40 ET,HQ,$HQ,Bullish
2026-06-15 16:40 ET,HQ,$HQ this will have a massive crash soon,Bearish
2026-06-15 16:40 ET,HQ,$HQ Finally broke that 17.9 wall.,Bullish
2026-06-15 16:40 ET,HQ,$HQ never knew POS can taste so good…,Bullish
2026-06-15 16:40 ET,HQ,$HQ wtf is this POS,None
2026-06-15 16:40 ET,HQ,$IONQ insiders are selling to free up some of their own cash to buy $HQ Horizon Quantum…,Bullish
2026-06-15 16:40 ET,WDC,"It’s 2030 - your portfolio is up 30x–50x. Why?    Because you loaded up on these 4 memory stocks and never sold.    $MU - Micron Technology  Target: $5,000 by 2030  $SNDK - SanDisk  Target: $4,000 by 2030  $WDC - Western Digital  Target: $2,500 by 2030  $DRAM -DRAM ETF  Target: $",None
2026-06-15 16:40 ET,WDC,"$WDC  $MU   Already got my initial investment + profit out, just house money from here.",Bullish
2026-06-15 16:40 ET,WDC,$WDC looks i was trading it back in 2013 too. lol     Seeing this makes me miss eSignal.,Bullish
2026-06-15 16:40 ET,WDC,$DRAM the roundhill guys sure nailed timing of this etf launch  with $SNDK $MU and korean leaders and $WDC,None
2026-06-15 16:40 ET,WDC,$WDC omg. wow.   is this in any of the big indices ?,None
2026-06-15 16:40 ET,WDC,$WDC booming today,Bullish
2026-06-15 16:40 ET,WDC,"$MU $SMH own a boatload since last year about 5k shares!held them all along! Bullish. also held my $SNDK, $WDC and $STX",None
2026-06-15 16:40 ET,WDC,"$WDC breakout, up 15.0% on 7,349,602 volume.  this is what my scanner flagged: https://tapeboard.com/scanner?utm_source=stocktwits&amp;utm_medium=post&amp;utm_campaign=olivia&amp;utm_content=wdc-bk-up-scanner&amp;utm_term=scanner&amp;s=WDC",None
2026-06-15 16:40 ET,WDC,$WDC eod of day rug pull incoming,Bearish
2026-06-15 16:40 ET,WDC,$WDC  $655 for power hour,Bullish
2026-06-15 16:40 ET,OUST,"$OUST OUST sensor used  ISL Aurochs II — Autonomous Navigation in Contested Environments  The Aurochs II, developed by the French-German Research Institute of Saint-Louis (ISL), pushes the boundaries of tactical ground robotics.    Its strength: total operational flexibility. The",None
2026-06-15 16:40 ET,OUST,"$OUST Everyone is talking about the future of Physical AI, but fewer conversations focus on what it actually takes to bring that technology into the real world at scale.    We’re proud to expand our partnership with Ouster to support high-volume production of their REV8 digital l",None
2026-06-15 16:40 ET,OUST,"$OUST Interesting to see Ouster’s BlueCity traffic management solution being deployed at more than 40 locations around MetLife Stadium ahead of the 2026 FIFA World Cup ⚽🌍    With the New York New Jersey Stadium hosting eight matches, including the final, the scale of traffic and ",None
2026-06-15 16:40 ET,OUST,"$OUST It was an absolute pleasure welcoming this brilliant group from NECSTlab at Ouster!  We had a fantastic, high-energy discussion about the future of sensing technologies and what it takes to drive real corporate innovation. It’s always inspiring to engage with next-generatio",None
2026-06-15 16:40 ET,OUST,"$OUST ITS America Recap, what a great show the community will always be great. The response to RGB LiDAR exceeded our initial thoughts! New friends made, old ones solidified. Thanks for everyone who stopped by the booth, making history thankful to be a part of the movement.  http",None
2026-06-15 16:40 ET,OUST,"$OUST OUST sensor used  TiHAN–IIT Hyderabad Signs MoU with Elonroad at Bharat Innovates 2026    As part of Bharat Innovates 2026 in Nice, France, TiHAN-IIT Hyderabad and Elonroad formalized a partnership through the signing of a Memorandum of Understanding (MoU).  https://www.lin",None
2026-06-15 16:40 ET,OUST,"$OUST if we get more volume , this thing can go eeven more crazy stv",None
2026-06-15 16:40 ET,OUST,These are shaping up to be some of my cleanest long-term entries this year:    $AAOI &gt; $92  $OUST &gt; $22  $NBIS &gt; $86  $RKLB &gt; $67    Nothing magical about the levels themselves-it’s more about catching them when sentiment was still uncertain and positioning was light.,None
2026-06-15 16:40 ET,OUST,$OUST Dropping beats….  https://x.com/ousterlidar/status/2066592827707121761?s=46&amp;t=dLsEh-Gj7r292IRr1gpGbw,Bullish
2026-06-15 16:40 ET,OUST,bought $OUST,None
2026-06-15 16:40 ET,BTQ,$BTQ why the huge dip after hours???,None
2026-06-15 16:40 ET,BTQ,$BTQ Dip,None
2026-06-15 16:40 ET,BTQ,$BTQ looking good,None
2026-06-15 16:40 ET,BTQ,"$BTQ  Closed above 200 day 1st time since 1/20/26.  Good sign, will be watching to see if any continuation.  Still, if the market (or crypto)  tanks tomorrow will probably give a lot back..  Charts are  always better at showing where something has been than where it is going!  GL",None
2026-06-15 16:40 ET,BTQ,Your Day Trading Watch List for June 16th in 2 Minutes: $SPY $QUCY $ELMT $BTQ $QTEX    .,None
2026-06-15 16:40 ET,BTQ,"$BTQ it caught too much attention so the shorts moved in, that&#39;s ok.",Bullish
2026-06-15 16:40 ET,BTQ,$BTQ  not much selling at all… that’s interesting,None
2026-06-15 16:40 ET,BTQ,$BTQ even if it doesn&#39;t shoot up into close today we broke thr moving averages so it&#39;s awake for the algorithms.,Bullish
2026-06-15 16:40 ET,BTQ,"$BTQ feeling this has enough too go bang, its has enough and will run wild",None
2026-06-15 16:40 ET,BTQ,$BTQ showing a bullish MACD cross on the daily. Squeeze is building.  We love our supernovas with parabolic potential.,Bullish
2026-06-15 16:40 ET,SATS,$SATS meli spanish amazon of bout 10 years ago,None
2026-06-15 16:40 ET,SATS,"$SATS back to back 20 per cent $SPCX  gains.   NAV up over 8 billion on it today alone.  What more can you ask for, service with a smile?  🚀 🚀 🚀",Bullish
2026-06-15 16:40 ET,SATS,$SATS why isn’t this trading over $200/share right now?,None
2026-06-15 16:40 ET,SATS,$SATS,None
2026-06-15 16:40 ET,SATS,$SATS nets lockin up crap,None
2026-06-15 16:40 ET,SATS,$SATS I know… try to grab more from dark pools but at &gt; 11m already borrowed Short on dark pools… maybe not much more to borrow there?,Bullish
2026-06-15 16:40 ET,SATS,"$SATS $SPCX running into a strong close &amp; &gt; 52m shares Short in $SATS have themselves in a bind as continue to drawdown what little available shares left to hang onto bearish bets… now, only 80k available shares… what do they do when goes to zero?",Bullish
2026-06-15 16:40 ET,SATS,"$NASA $SPCX $SATS biggest holding here is Spcx, not going up as its supposed to be, coiled sprint loading. People will miss it.",Bullish
2026-06-15 16:40 ET,SATS,$SATS i see 130 plus,None
2026-06-15 16:40 ET,SATS,$SATS are u kiddin mec70 ta 75 mil in 2 days seriously are they eatin em like potatoe chis. Freakin insane ĺast week it would have been minimum 150. Explain please. Pu all your shares at 180 for sale dont let the shorts get em dam!!!!,None
2026-06-15 16:40 ET,RVI,$RVI had to close my covered calls at a loss,None
2026-06-15 16:40 ET,RVI,$SPCX $DXYZ $RVI DX and RV are the sleepers in the new momentum here,None
2026-06-15 16:40 ET,RVI,$RVI lol wild price action to end the day 😂,Bullish
2026-06-15 16:40 ET,RVI,$RVI Incredible! Congrats everyone ! I openly admit I made huge mistake and sold this for dxyz because of SpaceX and now I’m regretting it big time! 🫤,None
2026-06-15 16:40 ET,RVI,$RVI,Bullish
2026-06-15 16:40 ET,RVI,$RVI come to daddy,Bullish
2026-06-15 16:40 ET,RVI,$RVI 😏😏😏😏😏,Bullish
2026-06-15 16:40 ET,RVI,$RVI nice,None
2026-06-15 16:40 ET,RVI,$RVI and to think I took a loss on this to but dxyz to take a monster paper loss because of SpaceX only for this to now own SpaceX and be flying! Total madness!,None
2026-06-15 16:40 ET,RVI,$RVI Since RH was an underwriter it looks like they got their $SPCX at the open on 6/12 ... so I&#39;m guessing their basis is $135!,Bullish
2026-06-16 16:37 ET,KRMN,$KRMN trending because this is literally the cheapest aerospace/missile/rocket play out there with over $3B backlog    $SPCX,Bullish
2026-06-16 16:37 ET,KRMN,$KRMN 💪 asf,None
2026-06-16 16:37 ET,KRMN,$KRMN   https://www.tradeapes.com/stocks/KRMN,None
2026-06-16 16:37 ET,KRMN,$KRMN dont worry @OG_Monkey_Banana_Genius there cant be enough news to get us back to our shit of an entry!. thanks for another failure among your many lmfao. the court jester.,None
2026-06-16 16:37 ET,KRMN,$VIVO bro this thing might just fucking gamma squeeze  $WYFI $FRMI $KRMN,Bullish
2026-06-16 16:37 ET,KRMN,"$KRMN I should bloody think so. This has been treated appallingly. No respect whatsoever. Up, up, up now...",Bullish
2026-06-16 16:37 ET,KRMN,$KRMN 50DMA is 67 lets gooooo,Bullish
2026-06-16 16:37 ET,KRMN,"$KRMN AVG 61 but its a little Monster Will all the facilites needed to build, metals, emgines, software and hardware ..space and defense bright future here",None
2026-06-16 16:37 ET,KRMN,$KRMN news?,None
2026-06-16 16:37 ET,KRMN,"$KRMN breaking out hard, up 7.3% and clearing prior close with 2.6M shares through already. these vertical sessions either have legs into the close or they stall the moment buyers thin out. watching 51.50 hold as the line.  this is what my scanner flagged: https://tapeboard.com/r",None
2026-06-16 16:37 ET,LION,$LION https://www.thewrap.com/industry-news/business/netflix-lionsgate-acquisition-not-interested/,None
2026-06-16 16:37 ET,LION,"@aawn @itsphd $LION $nflx  nvm mind, lionsgate recovered almost all the drop, maybe  someone fat fingered🤭",None
2026-06-16 16:37 ET,LION,$LION @cubie Hey cubie please show us that you have ever had a position. You just jump from trending stock and brag about follower. Come on does anyone care about followers on stocktwits. You LOSER!,None
2026-06-16 16:37 ET,LION,@zuby34 @Jeremymartin007 @Cubie @simon58 @judgeyoung2 @jenbunn @EBE_day @ribbey @TraderRapp @Godreal1 @tonyctl   $LION  wth,None
2026-06-16 16:37 ET,LION,$LION did $nflx just deny it bc lionsgates dropped -$2,None
2026-06-16 16:37 ET,LION,$LION that&#39;s what I was waiting for... hehehe. thanks... im out,None
2026-06-16 16:37 ET,LION,$LION $OCC,None
2026-06-16 16:37 ET,LION,Here are the Final 2 Stocks in Your Day Trading Watch List for June 17th in 2 Minutes: $LION $OCC   .,None
2026-06-16 16:37 ET,LION,$LION added about 75 watchers,None
2026-06-16 16:37 ET,LION,HOUR stock can 10X from here - most undervalued penny stock in the market     - 1.8M float with zero dilution    - did 143M in revenue last year with around $2M in net profit (doing the best numbers since they went public )    - insiders have never sold (even when this hit 7+) an,None
2026-06-16 16:37 ET,MGNI,$MGNI,Bullish
2026-06-16 16:37 ET,MGNI,"$MGNI currently at resistance.  Break through, and she could run to 21.",None
2026-06-16 16:37 ET,MGNI,"$MGNI Unclear why the surge today- anyone have/seen any news?  Whatever the reasons, a superb day for all the LONGS- congrats!     Still lots of shorts in this @ roughly 9% of the float. If we can keep the momentum going we may see some extra lift in SP from covering.",None
2026-06-16 16:37 ET,MGNI,"$MGNI over 6 million shares traded, closed at high of day, and heavy bullish option flow. Nice day all. About time",None
2026-06-16 16:37 ET,MGNI,"$MGNI the last time Barrett dumped a load of his shares, price ran away from him significantly.  Let&#39;s repeat that.  (But let&#39;s not repeat the other thing that eventually happened, when price collapsed way under his sell point.)",Bullish
2026-06-16 16:37 ET,MGNI,$MGNI below $18 tm,Bearish
2026-06-16 16:37 ET,MGNI,$MGNI the worm has turned 😊,None
2026-06-16 16:37 ET,MGNI,$TTD $MGNI now within 2% of Shitdesk as it spikes into the close and Shitdesk collapses yet again.,None
2026-06-16 16:37 ET,MGNI,HOUR stock can 10X from here - most undervalued penny stock in the market     - 1.8M float with zero dilution    - did 143M in revenue last year with around $2M in net profit (doing the best numbers since they went public )    - insiders have never sold (even when this hit 7+) an,None
2026-06-16 16:37 ET,MGNI,$MGNI surging 10% - anyone buying here?,None
2026-06-16 16:37 ET,RXT,"$RXT on option strat, someones loading hella $5 puts but why!!!!! i pray we just break out man! i mean they hit the LQ sweep at the bell",Bullish
2026-06-16 16:37 ET,RXT,$RXT Tomorrow going to be like a Hurricane clearing out shorty...Huge Day!,Bullish
2026-06-16 16:37 ET,RXT,$RXT Premarket tmrw they&#39;ll grab everything available. Hold tight. GL Long$,Bullish
2026-06-16 16:37 ET,RXT,$RXT     Swingingitintotomorrowland,Bullish
2026-06-16 16:37 ET,RXT,$RXT offering tonight 👍🏼👍🏼😃😃,None
2026-06-16 16:37 ET,RXT,"$RXT Decent day altogether, up 5% on good news and a red day for nasdaq. I&#39;ll take that.",None
2026-06-16 16:37 ET,RXT,$RXT Today all semiconductors down  and AMD -7.30%. Let&#39;s see tomorrow how it goes,None
2026-06-16 16:37 ET,RXT,$RXT gping red?,None
2026-06-16 16:37 ET,RXT,$RXT i warned you they take it down on open,None
2026-06-16 16:37 ET,RXT,$RXT New contract with AMD,None
2026-06-16 16:37 ET,WDC,@StocktwitsPolls $SNDK $MU $STX $WDC,Bullish
2026-06-16 16:37 ET,WDC,$WDC bubble,Bearish
2026-06-16 16:37 ET,WDC,$WDC LEADER,Bullish
2026-06-16 16:37 ET,WDC,"$WDC is RIDICULOUS!    Current resistance sits at $655, but the hype around this stock could have us see $700!    The senseful thing would be a pullback to ~$600 ...",None
2026-06-16 16:37 ET,WDC,"Storage is still one of the cleanest momentum + re-rating trades in the market right now, especially with earnings catalysts ahead.    $WDC - pushing ATH momentum, re-rating on supply discipline + pricing power  $STX - strong trend continuation, institutional accumulation still v",None
2026-06-16 16:37 ET,WDC,"Western Digital, Seagate Technology, and Sandisk are all continuing to push into fresh all-time highs as momentum stays strong across the storage space heading into next week’s Micron Technology earnings.  What’s even more notable is the strength still hasn’t faded there’s a clea",None
2026-06-16 16:37 ET,WDC,$KORU $MU $DRAM $SNDK $WDC,None
2026-06-16 16:37 ET,WDC,$LRCX $AMAT $STX $WDC  congrats all. Winners in all four,None
2026-06-16 16:37 ET,WDC,$WDC Insane!,Bullish
2026-06-16 16:37 ET,WDC,$WDC pressing the 75-day high with momentum. Entry has already gained ground and the next target zone is the $650 area. This one still has room to run.,Bullish
2026-06-16 16:37 ET,WYFI,$WYFI +21.43%,None
2026-06-16 16:37 ET,WYFI,$WYFI  didn’t have this on the bingo card today,None
2026-06-16 16:37 ET,WYFI,$WYFI truth reveals it self here again,None
2026-06-16 16:37 ET,WYFI,$WYFI This is going to let a lot of people down in the very short term. 1.16 bil market cap with less than 100 mil revenue and losing money. In the next couple years maybe good but for now your overpaying.  I know fundamentals don&#39;t matter anymore to short term holders but wo,None
2026-06-16 16:37 ET,WYFI,"@Nasdaq_Frontier I should have clarified that the facilities they retro fit are buildings that housed now closed manufacturing, or a company that moved or left for some reason. Your AI misread my meaning when I said “facilities already built.” Thinking they were Tier 3  facilitie",None
2026-06-16 16:37 ET,WYFI,$WYFI  https://www.tradeapes.com/stocks/WYFI,None
2026-06-16 16:37 ET,WYFI,$WYFI lolol no,None
2026-06-16 16:37 ET,WYFI,$VIVO bro this thing might just fucking gamma squeeze  $WYFI $FRMI $KRMN,Bullish
2026-06-16 16:37 ET,WYFI,$WYFI,Bullish
2026-06-16 16:37 ET,WYFI,$WYFI sold 28% of holdings at 36.49 held from 1/21/26 good for 96% gains. Will let the rest ride,None
2026-06-16 16:37 ET,ABCB,$ABCB nice breakout in this bank stock,Bullish
2026-06-16 16:37 ET,ABCB,$ABCB Price: $83.50 (-1.34%) Trend: Bullish Market Bias (7D): Bullish Bias 📈 Expected Range: ±0.20% RSI: 52.6 | Momentum: Moderate Volume: -85.7% vs avg Volatility: 1.24% Support: $81.94 | Resistance: $87.99  Data and analytics sourced from Given Analytics educational research: h,None
2026-06-16 16:37 ET,ABCB,"#DILUTION  Ameris Bancorp ($ABCB) files mixed securities shelf offering  Babcock &amp; Wilcox Enterprises ($BW) files for 11,657,221 share common stock offering by selling stockholders  Biodesix ($BDSX) files for 375,000 share common stock offering by selling stockholders  Galaxy",None
2026-06-16 16:37 ET,ABCB,Fundamental analysis of $ABCB (Ameris Bancorp) based on financial data and reported results. #ABCB #Ameris,None
2026-06-16 16:37 ET,ABCB,"$ABCB Share Price: $85.06  Contract Selected: Oct 16, 2026 $85 Calls  Buy Zone: $4.76 – $5.88 Target Zone: $7.56 – $9.24 Potential Upside: 50% ROI  Time to Expiration: 171 Days | Updates via https://fxcapta.com/stockinfo/",None
2026-06-16 16:37 ET,ABCB,$ABCB Q1 &#39;26 Earnings Results &amp; Recap  • Reported GAAP EPS of $1.64 up 28.12% YoY • Reported revenue of $314.36M up 9.97% YoY,None
2026-06-16 16:37 ET,ABCB,"$ABCB Share Price: $75.16  Contract Selected: Oct 16, 2026 $45 Calls  Buy Zone: $24.33 – $30.05 Target Zone: $44.14 – $53.95 Potential Upside: 71% ROI  Time to Expiration: 205 Days | Updates via https://fxcapta.com/stockinfo/",None
2026-06-16 16:37 ET,ABCB,"$ABCB Share Price: $83.72  Contract Selected: Jul 17, 2026 $85 Calls  Buy Zone: $2.98 – $3.68 Target Zone: $5.40 – $6.60 Potential Upside: 71% ROI  Time to Expiration: 145 Days | Updates via https://fxcapta.com/stockinfo/",None
2026-06-16 16:37 ET,ABCB,"$ABCB Share Price: $84.80  Contract Selected: Jul 17, 2026 $85 Calls  Buy Zone: $3.48 – $4.30 Target Zone: $5.79 – $7.07 Potential Upside: 57% ROI  Time to Expiration: 156 Days | Updates via https://fxcapta.com/stockinfo/",None
2026-06-16 16:37 ET,ABCB,$ABCB Q4 &#39;25 Earnings Results &amp; Recap  • Reported GAAP EPS of $1.59 up 16.06% YoY • Reported revenue of $307.13M up 5.62% YoY,None
2026-06-16 16:42 ET,WDC,$WDC news?,None
2026-06-16 16:42 ET,WDC,$WDC solid.,Bullish
2026-06-16 16:42 ET,WDC,$WDC,Bullish
2026-06-16 16:42 ET,WDC,$WDC this stock never failed me  $AMAT as well!    $HOOD this stock will be a legendary stock soon!  you  will see !,Bullish
2026-06-16 16:42 ET,WDC,$WDC,None
2026-06-16 16:42 ET,WDC,$WDC $STX $SNDK $MU WTf are you waiting for...its time to buy in dummies... GL!,None
2026-06-16 16:42 ET,WDC,$WDC quite near the most bullish analyst pt,None
2026-06-16 16:42 ET,WDC,"$MU Fwd P/E 10, $WDC 20 and $SNDK is at 30. I believe Micron will double over remainder of year. The other two will go up 50% but Micron is way undervalued. Look for them to be the clear winner in the 2nd half of 2026.",Bullish
2026-06-16 16:42 ET,WDC,"$WDC easy short here guys, has reached peak!",Bearish
2026-06-16 16:42 ET,WDC,"Why WDC, MU, STX, SNDK Stocks Rallied Hard Today And Lifted DRAM To ‘Solid Breakout’   $WDC $MU $STX $SNDK $DRAM  https://stocktwits.com/news/equity/markets/why-wdc-mu-stx-sndk-stocks-rallied-hard-today-and-lifted-dram-to-solid-breakout/cZKWBy4R7E2",None
2026-06-16 16:42 ET,WYFI,"$TTWO today.  Boom!  Testing 200sma.  Long in the Options room.  Best trade today was $WYFI hitting target, among the 2 rooms.  $TTWO was #2.",None
2026-06-16 16:48 ET,MGNI,$MGNI huh?   my eyes deceiving me??,None
2026-06-16 16:48 ET,RXT,"$VELO ran from 22.29 to 26.50 and holding 25 here,  with volume it can get 28 to 30  $VMAR r/s in effect June 17 so it could squeeze, be up early  $RXT see if 6 holds for a move to 6.50 and 8  $CCTG we want 1.15 to hold for a move to 1.50 and 2  $LNAI if 3 can hold maybe we get 3",None
2026-06-16 16:48 ET,RXT,$RXT everytime I go fishing this goes green,Bullish
2026-06-16 16:48 ET,WDC,"$WDC don’t chase any memory stocks right now, you might wake up to a 25-50% haircut once a bad news day hits any day",Bearish
2026-06-16 16:48 ET,WDC,"$TOLEY - Tokyo Electron Ltd. Posted below is the weekly chart. Memory stocks worldwide reaching for the sky. In the US $MU , $STX &amp; $WDC have been doing the same.",None
2026-06-16 16:48 ET,WDC,$WDC 📈📈📈,Bullish
2026-06-16 16:48 ET,WDC,"$WDC The forgotten baby in the memory. Finally 10x. Expected cool off, or a major contract. All this AI content, tokens and generation needs to be stored somewhere. We will see another double from here.",None
2026-06-16 16:48 ET,WDC,$WDC love this memory stock. Not as followed as much but it can. Move. I see it going to 1000 plus,Bullish
2026-06-16 16:48 ET,WDC,$WDC wow - just wow. Might have to roll my short calls,Bullish
2026-06-16 16:48 ET,WDC,"$WDC  retraced well till golden ratio and took the support of TL, likely to visit till 750/815 by next week.",Bullish
2026-06-16 16:48 ET,WDC,"$WDC $HOOD   all i do is keep buying, still sleeping soundly at night:)",Bullish
2026-06-16 16:48 ET,WDC,$WDC  Nice call here bro @kirkulr 😎💪🐐,Bullish
2026-06-16 16:48 ET,WDC,$WDC I’m buying u guys think im late ? I may hold long term 3-4 yrs,None
2026-06-16 16:48 ET,WYFI,$WYFI good say.  Bought this morning and on track for $50 next month,None
2026-06-17 10:25 ET,ARQQ,$ARQQ momentum hedge funds and algos are going to jump in which brings in the volume and volatility halts upwards 🧨⏱️,Bullish
2026-06-17 10:25 ET,ARQQ,$ARQQ $BTQ  $IONQ  $SPY $QQQ   Quantum security next big mover,Bullish
2026-06-17 10:25 ET,ARQQ,"$ARQQ 24K shares left only, shorts are in trouble.. has same mechanics structure as $CAR and much lower float, much more to come imho this is just a warmup",None
2026-06-17 10:25 ET,ARQQ,"$ARQQ running hot, up 17.4% and no read on what&#39;s driving it yet. these vertical moves can stall once the early buyers start trimming. what level are you guys watching here?  this is what my scanner flagged: https://tapeboard.com/research/ARQQ?utm_source=stocktwits&amp;utm_me",None
2026-06-17 10:25 ET,ARQQ,$ARQQ Once this breaks $30 sky is the limit form there!,None
2026-06-17 10:25 ET,ARQQ,$ARQQ looking for 30 by tomorrow,None
2026-06-17 10:25 ET,ARQQ,$ARQQ 200%,Bullish
2026-06-17 10:25 ET,ARQQ,$ARQQ shorts have about 1.7M shares need to be bought back on this 6M float in quantum.. $400M valuation only as apposed to $20 BILLION with $IONQ,Bullish
2026-06-17 10:25 ET,ARQQ,$ARQQ calls up 10x from entering congrats,Bullish
2026-06-17 10:25 ET,ARQQ,$ARQQ,Bullish
2026-06-17 10:25 ET,BHVN,"$BHVN up nearly 10% and still grinding through session highs. no read on the driver yet, tape just keeps absorbing the offers. watching this one closely.  live tape on the breakout: https://tapeboard.com/scanner?utm_source=stocktwits&amp;utm_medium=post&amp;utm_campaign=olivia&am",None
2026-06-17 10:25 ET,BHVN,$BHVN nice sympathy move on $QURE news (prospects for SCA resubmission),None
2026-06-17 10:25 ET,BHVN,"$BHVN Biohaven’s SCA Drug: Biohaven compared its clinical trial patients against external real-world databases, specifically the European EuroSCA study and the US CRC-SCA database. UniQure’s AMT-130: uniQure compared its Phase I/II Huntington&#39;s patients against a historical n",None
2026-06-17 10:25 ET,BHVN,"$BHVN The data uniQure used was historical data, and the core methodological problem is identical to the one that caused Biohaven&#39;s spinocerebellar ataxia (SCA) drug, Vyglxia (troriluzole), to receive an FDA Complete Response Letter (CRL). This means that perhaps FDA might co",None
2026-06-17 10:25 ET,BHVN,$BHVN - nice sympathy move on $QURE news (prospects for SCA resubmission with another year or two of follow-up),None
2026-06-17 10:25 ET,BHVN,$BHVN MMs got caught. There’s no big or ask on those options itm.,Bullish
2026-06-17 10:25 ET,BHVN,$BHVN Noce news. Crazy it isn’t at 40 yet.,Bullish
2026-06-17 10:25 ET,BHVN,$BHVN so qure is up 60% on fda revisit.  This is running up to the inevitable resubmission.,None
2026-06-17 10:25 ET,BHVN,$BHVN someone is cover …,Bullish
2026-06-17 10:25 ET,BHVN,$BHVN Why the premarket buzz?,None
2026-06-17 10:25 ET,BTGO,"$BTGO remember once seller sold at this low price, those shares purchased by buyback will be put away on shelf by the company. This is a slow drainage of available low cost shares pool. Majority IPO shares cost $18 and they won’t sell at $6 if they didn’t sell at 4.xx.  Expect th",None
2026-06-17 10:25 ET,BTGO,"$BTGO this stock will be back to $10 in no time!! why is it not trending? you are being weak spreading the world, less than 1k watchers this is the early stage, $10 next, then all the way up to $25, and finally price discovery above that value!!",Bullish
2026-06-17 10:25 ET,BTGO,"$BTGO nice news, added 📈🚀",Bullish
2026-06-17 10:25 ET,BTGO,$BTGO $10 today,Bullish
2026-06-17 10:25 ET,BTGO,$BTGO Volume 0.5 million they will buy 10.000.000 shares lolol RIP 🐻,Bullish
2026-06-17 10:25 ET,BTGO,$BTGO Short Squeeze?,Bullish
2026-06-17 10:25 ET,BTGO,$BTGO,Bullish
2026-06-17 10:25 ET,BTGO,$BTGO 🚀👍💯📈‼️,Bullish
2026-06-17 10:25 ET,BTGO,$BTGO Will fly to $10 today,Bullish
2026-06-17 10:25 ET,BTGO,$BTGO boom,Bullish
2026-06-17 10:25 ET,CPNG,$CPNG,None
2026-06-17 10:25 ET,CPNG,$CPNG you can see a re rating is in process with how much this jumps at open daily,Bullish
2026-06-17 10:25 ET,CPNG,$CPNG pumped up kicks,Bullish
2026-06-17 10:25 ET,CPNG,$CPNG...  Yes.,None
2026-06-17 10:25 ET,CPNG,$CPNG   myyy precioussss  $SPY,Bullish
2026-06-17 10:25 ET,CPNG,$CPNG this is headed to 20s,Bullish
2026-06-17 10:25 ET,CPNG,$CPNG I told you this thing is going back over 20,Bullish
2026-06-17 10:25 ET,CPNG,$CPNG,Bullish
2026-06-17 10:25 ET,CPNG,$CPNG where all this money will be spent? on coupang.    all the businesses want piece from this spending will give ads to Coupang. I am sooo bullish for next earnings.,Bullish
2026-06-17 10:25 ET,CPNG,"$HIMS steady grind all day to 32, we want 31.25 to hold now for 33 to 35  $OTLK got 1.58, see if 1.50  holds for a move to 2  $PURR ran to 10.98, now we want 10 to hold for a break of 11 for 12  $CPNG hit 18 strong day, we could see a dip to 17.50 but break of 18 for 20  $CRVO gr",None
2026-06-17 10:25 ET,EOSE,$EOSE Nothing better than a strong all American Co. in NJ.,Bullish
2026-06-17 10:25 ET,EOSE,"Best stocks to won until 2030    Power - $TE , $EOSE, $HYLN, $OKLO     Which other stocks do you think are worth considering?    Power and energy could become one of the most important investment themes of the next five years. AI data centers, EV adoption, grid modernization, and",None
2026-06-17 10:25 ET,EOSE,$EOSE,Bullish
2026-06-17 10:25 ET,EOSE,$EOSE is another BE FLY TO 100 POSIBLE,Bullish
2026-06-17 10:25 ET,EOSE,"$EOSE new production site went live overnight and the stock&#39;s been grinding up all session, now 10.7% off yesterday&#39;s close. not parabolic, just steady. that&#39;s what I want to see. anyone tracking this one?  this is what my scanner flagged: https://tapeboard.com/scanne",None
2026-06-17 10:25 ET,EOSE,$FPS   We forge ahead   Close above 62 and will be 75%   Position sized   $BLDP FLNC $BE $EOSE,Bullish
2026-06-17 10:25 ET,EOSE,$SPCX damn… missing this dip. Bought $1000 worth of $EOSE this morning!!!,Bullish
2026-06-17 10:25 ET,EOSE,$EOSE,Bullish
2026-06-17 10:25 ET,EOSE,$EOSE HWG!!!,Bullish
2026-06-17 10:25 ET,EOSE,$EOSE volume picking up nicely. Set right up. Wait til it halts and opens back up at over 8,Bullish
2026-06-17 10:25 ET,FIG,$FIG Shorts still active on a day with a new $36 PT when its in the 18s🤷‍♀️ honestly they deserve to get in trouble.,Bullish
2026-06-17 10:25 ET,FIG,"$FIG short interest , looks like 30%, easy money if you pile in ! ill add little more here, but this is team work effort",Bullish
2026-06-17 10:25 ET,FIG,$FIG drops 3% 🤣,None
2026-06-17 10:25 ET,FIG,"$FIG me too, shorts are covering",Bullish
2026-06-17 10:25 ET,FIG,$FIG well I&#39;m back in,Bullish
2026-06-17 10:25 ET,FIG,$FIG,Bullish
2026-06-17 10:25 ET,FIG,$FIG,Bullish
2026-06-17 10:25 ET,FIG,$FIG RIP shorts 🪦,Bullish
2026-06-17 10:25 ET,FIG,$FIG is short interest 36%,Bullish
2026-06-17 10:25 ET,FIG,$FIG Still down 23% 😢,None
2026-06-17 10:25 ET,FRMI,$FRMI,Bullish
2026-06-17 10:25 ET,FRMI,$AVGO $FRMI $ICCM $RXT,None
2026-06-17 10:25 ET,FRMI,$ICCM this is how it’s done  $FRMI $12 went  $RXT holddddd  $AVGO more,Bullish
2026-06-17 10:25 ET,FRMI,$FRMI slow rise up my boyz!! fuck yeah! geezus feels goid,Bullish
2026-06-17 10:25 ET,FRMI,$FRMI took a few 11c 8/21 @ 1.50,None
2026-06-17 10:25 ET,FRMI,$FRMI in with 1700 shares at 8.47. Let’s see what happens.,None
2026-06-17 10:25 ET,FRMI,$OCUL  $FRMI  keep eyes on  $NIO  is your next runner whales will find this name so attractive very soon $15,Bullish
2026-06-17 10:25 ET,FRMI,$FRMI 👀 watching,None
2026-06-17 10:25 ET,FRMI,$FRMI FLY ME TO THE MOON!,Bullish
2026-06-17 10:25 ET,FRMI,$FRMI   $10 today!!!!!!,None
2026-06-17 15:59 ET,ARQQ,$ARQQ They just want to trap as many shorts for what I think is a parabolic run later,Bullish
2026-06-17 15:59 ET,ARQQ,"$ARQQ let me guess, u have pumper Joealert in here?",None
2026-06-17 15:59 ET,ARQQ,"$ARQQ running hot this session, up 8.7% on volume that&#39;s grinding steady. these vertical moves can extend or snap back with zero warning. watching for any pullback to absorb before it stalls. who else has eyes on this?  live tape on the breakout: https://tapeboard.com/scanner",None
2026-06-17 15:59 ET,ARQQ,$ARQQ 100$,None
2026-06-17 15:59 ET,ARQQ,$ONCY Oncolytics Biotech® Secures New U.S. Patent Protecting Commercial Manufacturing of Pelareorep into 2044 https://www.globenewswire.com/news-release/2026/06/16/3312687/0/en/oncolytics-biotech-secures-new-u-s-patent-protecting-commercial-manufacturing-of-pelareorep-into-2044.h,None
2026-06-17 15:59 ET,ARQQ,$ARQQ sub 22. Needs to bounce soon.,None
2026-06-17 15:59 ET,ARQQ,"$ARQQ is a meme. How quickly everyone forgets $NVDA invested in $QNT worked out pretty well for $NBIS $LITE Honeywell&#39;s Quantinuum raises funds from Nvidia, others at $10 billion valuation | Reuters https://share.google/wtCvPEUfRcmeiglnM",None
2026-06-17 15:59 ET,ARQQ,$ARQQ seems to be too many sellers stepping in. We’ll see.,None
2026-06-17 15:59 ET,ARQQ,$ARQQ 6 million float. 1.7 million shares short (19%). Potential to squeeze this over 30 if sellers don’t step in.,None
2026-06-17 15:59 ET,ARQQ,$ARQQ $BTQ     Something crazy going on here.  Whales moving in. Must be news on the way.,Bullish
2026-06-17 15:59 ET,HOOD,$HOOD bagholders getting out new ones being created,None
2026-06-17 15:59 ET,HOOD,$HOOD trying some 106$ calls,None
2026-06-17 15:59 ET,HOOD,$HOOD haven&#39;t sold a share -- stay squarely focused on filling that $153.86 gap from October.  Sell and leave $$$ on table  $COIN $MSTR,None
2026-06-17 15:59 ET,HOOD,$HOOD disgusting manipulation. Can’t ever be happy owning this,None
2026-06-17 15:59 ET,HOOD,"$TSLA fk Robinhood $HOOD, they sold my puts at 3.30.. puts increases  7x from that point..",Bearish
2026-06-17 15:59 ET,HOOD,$HOOD exited at 109.5 . I guess smart move 😂,None
2026-06-17 15:59 ET,HOOD,$HOOD this scum thinks he’s smart. The typical loser to chase.,None
2026-06-17 15:59 ET,HOOD,$HOOD Jan 28th was the last time it was above the 200ma.  Today was the first time it crossed upward this year.,Bullish
2026-06-17 15:59 ET,HOOD,$HOOD   PT$  115-120  per Josh Brow  @ Half Time CNBC show.,Bullish
2026-06-17 15:59 ET,HOOD,$HOOD I knew it would drop. Just didn’t have the balls for the $109.29 level breaking,None
2026-06-17 15:59 ET,OCUL,"$OCUL, I have learned through many years not to get excited. This stock never follows through. The news is great, but we could be back in the 8s tomorrow.",None
2026-06-17 15:59 ET,OCUL,"$OCUL one more thought for all the genius &quot;bulls&quot; here (none of you even own a considerable amount of stock anyway):    if today was so excellent- why aren&#39;t shorts covering en masse?  25 million short, right?  we should be really nervous about getting burned, right",Bearish
2026-06-17 15:59 ET,OCUL,$OCUL burning lot of cash.... no pharma buyer... delayed NDA...yikes. GL.... dextenza 2.0 lol,None
2026-06-17 15:59 ET,OCUL,$OCUL I’m in the green!🍀🍀🍀,None
2026-06-17 15:59 ET,OCUL,$OCUL  Smart team + smart plan + great data = superior product,None
2026-06-17 15:59 ET,OCUL,"$OCUL &quot;Give FDA everything that they are asking for to expedite the review&quot;..  Exactly what I want to hear, this will have an efficient review cycle when submitted!",None
2026-06-17 15:59 ET,OCUL,$OCUL This is GOLD!!!,Bullish
2026-06-17 15:59 ET,OCUL,$OCUL 4Q NDA submission....already behind and burning cash.... down she goes,None
2026-06-17 15:59 ET,OCUL,$OCUL what a scam artist.... submitting 4Q so they can submit SOL-R and not get a CRL LOL....,None
2026-06-17 15:59 ET,OCUL,"$OCUL wow, so weird...they start talking and the SP drops.  who could&#39;ve seen that coming?",Bearish
2026-06-17 15:59 ET,PDYN,"$PDYN This is exactly why you buy the low-volume fades. The market wanted definitive contracts, and Palladyne just delivered the U.S. Army. Validating SwarmOS and the Gremlin-X under a competitive DoD program proves this isn&#39;t just hype, it&#39;s the future of edge AI and dom",Bullish
2026-06-17 15:59 ET,PDYN,$PDYN shorts are gonna start getting out - to the moon,Bullish
2026-06-17 15:59 ET,PDYN,$PDYN im late? Bought some today below 7,None
2026-06-17 15:59 ET,PDYN,$ONDS  $PDYN $UMAC $RCAT   This $6 Stock Just Became America&#39;s Drone Supplier (I&#39;M BUYING)  https://youtu.be/ffjz-eQ-lA4?is=DwLSa-hwan5cGdnj,None
2026-06-17 15:59 ET,PDYN,$PDYN hold,Bullish
2026-06-17 15:59 ET,PDYN,$PDYN,Bullish
2026-06-17 15:59 ET,PDYN,$PDYN you know what it is,Bullish
2026-06-17 15:59 ET,PDYN,$PDYN SQEEEeEEeeEZE!!!,None
2026-06-17 15:59 ET,PDYN,$BYND guys look😳 $PDYN gonna squeeze hard ! $POET,None
2026-06-17 15:59 ET,PDYN,$PDYN incredible!! gogo !,Bullish
2026-06-17 15:59 ET,QURE,$QURE  the market is making a compelling argument here.,None
2026-06-17 15:59 ET,QURE,Shares of $CLPT jumped 27% after $QURE’s announcement. AMT-130 uses ClearPoint’s SmartFlow cannula and navigation platform for precise intracerebral delivery.,None
2026-06-17 15:59 ET,QURE,$ALOT $ELTX $FTHM $GPUS $QURE,None
2026-06-17 15:59 ET,QURE,Top Gainers PT2                                                                         $ELTX $FTHM $QURE $ALOT $GPUS,None
2026-06-17 15:59 ET,QURE,$ELTX  $QURE  FDA approval. Institutional Money created new floor and slow grinding up since then.  🧗‍♂️🚀,None
2026-06-17 15:59 ET,QURE,$QURE break 48 and confess 45,None
2026-06-17 15:59 ET,QURE,$QURE don&#39;t be the last retard to sell,None
2026-06-17 15:59 ET,QURE,$QURE Crazy after hours? We will see,None
2026-06-17 15:59 ET,QURE,IVA-Inventiva global NATiV3 Phase3 data due 2H2026 - Lanifibranor for MASH. $SPRO $ELTX  $QURE $CLPT $MRNA,None
2026-06-17 15:59 ET,QURE,$QURE next up on the radar #LRMR.,None
2026-06-17 15:59 ET,RXT,"Many traders are watching $RXT but seeing only a single 5% gain on the chart.  What I see, however, is a stock that has been frustrating both bulls and bears for months.  With stocks like this, once short covering begins, the price can move rapidly.  The best short squeezes often",None
2026-06-17 15:59 ET,RXT,$SRXH $RXT $DVLT $SNDK     Lottery plays :)  High risk high reward~    Year end will tell if these are gold or poo :),Bullish
2026-06-17 15:59 ET,RXT,$RXT Why Rackspace Rallied Today    https://marketwirenews.com/stock/rxt/news/why-rackspace-rallied-today-7368977143726307.html?utm_source=stocktwits,None
2026-06-17 15:59 ET,RXT,$RXT  $ 10,Bullish
2026-06-17 15:59 ET,RXT,"$RXT Did the same thing last gap up... sold off hard, but then it ran 80%. We&#39;ll see if it runs 80% this time aswell.",None
2026-06-17 15:59 ET,RXT,$RXT 3rd highest close since 2022 💥,None
2026-06-17 15:59 ET,RXT,$RXT,Bullish
2026-06-17 15:59 ET,RXT,$RXT 💯,Bullish
2026-06-17 15:59 ET,RXT,$RXT golden cross about to happen on the macd on the 1D chart!! something&#39;s cooking on soul,Bullish
2026-06-17 15:59 ET,RXT,$RXT can someone @me if this goes over $8??? Please lol 😂 I can’t watch the stock this week. And yes I won’t be back till next Monday. I will post my fish I caught so we can all fish everyday and retire early,Bullish
2026-06-17 15:59 ET,ACON,$ACON we need a real move hoe come on!,Bullish
2026-06-17 15:59 ET,ACON,"$ACON if dips more I&#39;m adding, gap fill order at 2.95-3 maybe",Bullish
2026-06-17 15:59 ET,ACON,$ACON someone thinks their presentation will be good. Think so too 😉,Bullish
2026-06-17 15:59 ET,ACON,$ACON,Bullish
2026-06-17 15:59 ET,ACON,$ACON Patience and execution is a key here!,Bullish
2026-06-17 15:59 ET,ACON,$ACON,Bullish
2026-06-17 15:59 ET,ACON,$ACON unbelievable get us back to over $7 you fucks!,Bullish
2026-06-17 15:59 ET,ACON,$ACON very bad management,Bearish
2026-06-17 15:59 ET,ACON,$ACON,Bullish
2026-06-17 15:59 ET,ACON,"$ACON wake me up at $10 come on bitch, make a real move!",Bullish
2026-06-17 16:03 ET,ARQQ,$ANY $HYPD $ARQQ $EOSE,None
2026-06-17 16:03 ET,ARQQ,$INFQ holding 933 shares long on this bad boy. Building on $IONQ $QBTS  $IBM $ARQQ,Bullish
2026-06-17 16:03 ET,ARQQ,$HOOD $CAPR $SRPT $QURE $ARQQ   .,Bullish
2026-06-17 16:03 ET,ARQQ,ARQQ Stock On Track For A Four-Month High – What’s Driving The Rally?   $ARQQ  https://stocktwits.com/news/equity/markets/arqq-stock-on-track-for-a-four-month-high-what-s-driving-the-rally-june-17-2026/cZKKRz7R7IC,None
2026-06-17 16:03 ET,ARQQ,$ARQQ $INFQ $ZPTA   All 2026/2027,Bullish
2026-06-17 16:03 ET,ARQQ,$ARQQ next station 30$,Bullish
2026-06-17 16:03 ET,ARQQ,$ARQQ bring in the squeeze 🧨⏱️,None
2026-06-17 16:03 ET,ARQQ,$ZPTA flying in!   $NVDA $ARQQ $QBTS $INFQ,None
2026-06-17 16:03 ET,ARQQ,"$ARQQ About to resume uptrend, $22.55 VWAP 👀",None
2026-06-17 16:03 ET,ARQQ,$ARQQ Shorts doing their best...digging themseves quite a hole.,None
2026-06-17 16:03 ET,HOOD,$HOOD sold COIN to buy bottom during close. Price action infers something big is going to happen IMO.,Bullish
2026-06-17 16:03 ET,HOOD,"$HOOD position running strong  sitting on big unrealized gains here. I’m just watching trend and not overthinking it, let it play out.",None
2026-06-17 16:03 ET,HOOD,$HOOD can literally never hold any of its gains,None
2026-06-17 16:03 ET,HOOD,$HOOD closing at HOD? Never.  What a joke,None
2026-06-17 16:03 ET,HOOD,$HOOD You must be talking about the manipulation that ran it to almost $111 today. Moron.,None
2026-06-17 16:03 ET,HOOD,$HOOD $110 tomorrow,Bullish
2026-06-17 16:03 ET,PDYN,$PDYN closed exactly at 6.93,None
2026-06-17 16:03 ET,RXT,Wealthy Wednesday Watchlist  Hot Stocks  $SPCX $AMC $RXT $ORBS $EOSE,Bullish
2026-06-17 16:03 ET,RXT,"$RXT when we hit 20 next couple weeks , market will figure out that debt not a problem anymore , then fast new leg to 40/60 level .",None
2026-06-17 16:03 ET,RXT,$RXT 69% institutional ownership.,Bullish
2026-06-17 16:03 ET,RXT,"$RXT Ok, Ill say it. A negative 80 million in operating income company decides to buy AMD processors and the stock goes up. Once more, People start hyping it.",None
2026-06-17 16:03 ET,RXT,$RXT share price action today smells of disappointment,Bearish
2026-06-17 16:03 ET,RXT,$RXT Wouldn&#39;t be surprised to see this get absolutely pummeled tomorrow. Still love it long term though.,None
2026-06-17 16:03 ET,RXT,$RXT in at 6.22. Lets go,Bullish
2026-06-17 16:03 ET,RXT,"$CRE $CRVO $LNAI $RXT $SUGP  📢 Community Update  Starting June 22, Free Trade Friday will replace Free Trade Monday.  As Bear Tamer Trading continues to grow, I want to ensure I’m providing the highest level of value to the members who support this community. Members will now hav",None
2026-06-17 16:03 ET,RXT,$RXT  whoever wanted out appears to be out.,None
2026-06-17 16:03 ET,RXT,"$LASE there is a 🧞‍♂️ in a bottle saying this reminds him a lot of when he loaded $RXT in the 1’s!! You decide, I’m already loaded here and just waiting for the masses to put the puzzle together!! Not to mention don’t forget about my little buddy $XOS load the dips, they are oppo",Bullish
2026-06-17 16:07 ET,HOOD,$HOOD,None
2026-06-17 16:07 ET,HOOD,$HOOD we spent 5 hours from 105 to HOD and they lamb shanked it back to 105 in 45 minutes.  Disgusting,None
2026-06-17 16:07 ET,HOOD,$HOOD rug pull no surprise. FOMC with commentary about 2 potential rate hikes (personally doubt we get anything this year but stay the same) and quad witching tommorow. Good news as I see it is that we know there are buyers in the 100s and plenty of institutions support pushing u,None
2026-06-17 16:07 ET,HOOD,$HOOD back to 88 tomorrow 🤣,Bearish
2026-06-17 16:07 ET,HOOD,$HOOD I sold my puts way too fucking early I’m pissed,Bearish
2026-06-17 16:07 ET,HOOD,$HOOD 107 puts printing!  keep dropping,Bearish
2026-06-17 16:07 ET,HOOD,$HOOD I’m so fucking pissed,None
2026-06-17 16:07 ET,HOOD,$HOOD Opens north of $110 tomorrow,Bullish
2026-06-17 16:07 ET,HOOD,"$HOOD showing clear continuation momentum here, with options flow accelerating and calls already printing +500% moves in recent sessions.    Relative strength over the past couple weeks was the early signal - it was outperforming while broader market rotation was still choppy, wh",None
2026-06-17 16:07 ET,HOOD,$HOOD Let&#39;s see what happens tomorrow. Do we go back down or go back up? Heads or Tails guys?,None
2026-06-17 16:07 ET,QURE,$QURE are you not entertained,None
2026-06-17 16:07 ET,RXT,"$RXT OH THE Bastards still short , RXT reducing staff to reduce expenses of 70-80M and to invest that saved money into new AMD gpu for governed AI .  let&#39;s do a True CVNA when CVNA has started reducing big debts and we see where they are now. RXT can follow  same path which c",None
2026-06-17 16:07 ET,RXT,$RXT hes faking news to get more bulls to stuck this scam,None
2026-06-17 16:07 ET,RXT,$RXT stock exploded 600% in early 2026 after a 30MW AMD AI deal. The real story is sovereign enterprise AI.    RXT is building for governments and regulated industries that want powerful AI without surrendering data control to hyperscalers. They deliver unified AMD environments w,Bullish
2026-06-17 16:07 ET,RXT,"Stocks Under $10 to Watch Wednesday, June 17, 2026    1. $RXT — Rackspace Technology (Nasdaq: RXT) | ~$5.91–$6.43  2. $BYAH  — Park Ha Biological Technology | ~$2–$3 Range  3. $SMSI  — Smith Micro Software (Nasdaq: SMSI) | ~$1–$1.50 Range  4. $MNTS — Momentus Inc (Nasdaq: MNTS) |",None
2026-06-17 16:07 ET,RXT,"Here are the day’s biggest winners    $SPCX - Gain: +7.3% to +12.7% (intraday) | Close: ~$206  $RXT  - +21.78% intraday | Day High: $7.16   $BA - +4.5% | Dow’s Top Gainer  $NEM - NEM, AEM, AU, HL | Sector Gains: 4–9%  $AAL - AAL, DAL, UAL | Gains: +4–6%     https://truthsandnews.",Bullish
2026-06-17 16:07 ET,RXT,$RXT I don’t see anyone loading a ton of $5 puts    What are you talking about ?,None
2026-06-17 16:07 ET,RXT,"Rackspace Technology, Inc. ( $RXT ) SpicyTrade - Daily Stock Analysis https://youtu.be/qrDaTxak_j8?si=kDjmk-SFGejwL_M8",None
2026-06-17 16:07 ET,RXT,$RXT I am assuming they are laying off most of their private email suppport staff.,None
2026-06-17 16:07 ET,RXT,$RXT     Over 23mm shares sold short.,Bullish
2026-06-17 16:07 ET,RXT,$RXT if this went $20+ i would order me some RXT sheets for the bed and bang my lady on top of them mfs lol.,Bullish
2026-06-17 16:07 ET,AIBZ,$AIBZ lets gooooo,Bullish
2026-06-17 16:07 ET,AIBZ,"$AIBZ Nice report today clarifying the company&#39;s role in the AI boom. Calls it a stand-out play.    Bitzero controls more than 1 gigawatt of secured, low-cost power capacity across four strategic sites in Norway, Finland and the United States. Bitzero connects directly to the",Bullish
2026-06-17 16:07 ET,AIBZ,"JUCE entered AIBZ at $8.48 and it&#39;s still running — up 2.1% and the position is live. Real trades, in real time.    $AIBZ",None
2026-06-17 16:07 ET,AIBZ,$AIBZ @TheBullishTrade thoughts on these guys?   My DD leads me to believe dilution is incoming but seems like a solid long position.,None
2026-06-17 16:07 ET,AIBZ,"$OKLO 🤑💸Thank You So Much for Your Cash, U Beautiful Bastards  $AIBZ     &quot;The Nordic countries (Norway, Finland, Sweden) sit on top of an abundance of hydroelectric and nuclear power, in cold climates that dramatically reduce the cooling costs for data centers, with stable g",None
2026-06-17 16:07 ET,AIBZ,$AIBZ gonna look back on a few months and price is $80,None
2026-06-17 16:07 ET,AIBZ,$AIBZ this look like it’s gonna pull a massive 10x👀👀👀👀🥶🥶🥶,None
2026-06-17 16:07 ET,AIBZ,$AIBZ we&#39;re gaining more watchers I see,Bullish
2026-06-17 16:07 ET,AIBZ,$AIBZ  I’ve seen weaker charts make much bigger moves.,None
2026-06-17 16:07 ET,AIBZ,$AIBZ up on low volume down on big volume. Still like the story.,Bullish
2026-06-17 16:07 ET,ALBT,"$ALBT released an update on its KetoAir breathalyzer program supporting Nevada first responders, noting strong engagement and metabolic",None
2026-06-17 16:07 ET,ALBT,$ALBT 9.75m dollars in Feb Series 1a and 1b hitting the market..Volume slowed considerably the last 2 hours..raged 4am to 7am 11.3m...Entire o/s practically traded.,None
2026-06-17 16:07 ET,ALBT,$ALBT down 11% in premarket on 11M+ shares already traded. these vertical fades before the open can reverse hard or keep bleeding through the bell. anyone else watching this one?  live premarket tape: https://tapeboard.com/research/ALBT?utm_source=stocktwits&amp;utm_medium=post&a,None
2026-06-17 16:07 ET,ALBT,$ALBT,Bullish
2026-06-17 16:07 ET,ALBT,$ALBT,Bullish
2026-06-17 16:07 ET,ALBT,"$ALBT vertical move premarket, +14.7% on nearly 4M shares and no clear read on what&#39;s driving it. these gap-and-gos without a visible catalyst can stall the second real volume hits. watching to see if it holds the 0.37 area or fades back to close.  added to my open list: http",None
2026-06-17 16:07 ET,ALBT,"$ALBT Thanks for sharing. We want to clarify that authorization does not mean execution. The filing gives the Board the option to implement a reverse split if needed in the future, but it does not indicate that one is currently planned. Also, the warrants referenced are not new; ",None
2026-06-17 16:07 ET,ALBT,"$ALBT held its annual meeting, where shareholders approved a reverse stock split and new warrant issuances.",None
2026-06-17 16:07 ET,ALBT,"$ALBT Avalon GloboCare is hosting an Ask Me Anything for our investor community.     What would you like to know about our AI products, our strategy, or our long-term vision?     Share your questions through our official Investor Relations channels.     We look forward to the con",None
2026-06-17 16:07 ET,ALBT,"$ALBT A recent filing reportedly registered the resale of about 19.4 million shares, which could represent a very large increase relative to the existing share count and create substantial selling pressure.:",Bullish
2026-06-17 16:07 ET,ALOT,$ALOT $ELTX $FTHM $GPUS $QURE,None
2026-06-17 16:07 ET,ALOT,Top Gainers PT2                                                                         $ELTX $FTHM $QURE $ALOT $GPUS,None
2026-06-17 16:07 ET,ALOT,Top Gainers PT2                                                                       $QURE $CLWT $ALOT $YMAT $BIRD,None
2026-06-17 16:07 ET,ALOT,$ALOT This went up alot today. Congrats to longs,Bullish
2026-06-17 16:07 ET,ALOT,Midday Top Gainers PT2                                                                       $SDOT $CLWT $QURE $ALOT $LNAI,None
2026-06-17 16:07 ET,ALOT,Top Gainers PT2                                                                       $QURE $ALOT $LNAI $SDOT $YMAT,None
2026-06-17 16:07 ET,ALOT,$ALOT lets make some money boys,Bullish
2026-06-17 16:07 ET,ALOT,$BTGO  $MNTS  $GOSS  $MTVA $ALOT,Bullish
2026-06-17 16:07 ET,ALOT,$ALOT AstroNova to be acquired by Arcline for $29 per share in cash deal - SI    https://ooc.bz/l/105415,None
2026-06-17 16:07 ET,ALOT,$ALOT $FCEL $DLTH $CPB $GLW     PRE-MARKET MOVERS:    Currently Higher After Earnings:    - AstroNova (ALOT) up 7.4%  - FuelCell (FCEL) up 2.7%  - Duluth Holdings (DLTH) up 2.1%  - Campbell&#39;s (CPB) up 2.0%    Currently Also Higher:    - Corning (GLW) up 8.5% after Amazon (AMZ,None
