id,symbol,created_at,body,sentiment,likes,reshares,symbols_mentioned,user_id,username,followers,following,watchlist_count,user_join_date,official
654904997,AAPL,2026-05-31T17:53:45Z,$SPY $QQQ $NVDA $AAPL $UVXY,,0,0,,812524,sethmarcus,5692,325,14,2016-08-05,False
654904673,AAPL,2026-05-31T17:43:05Z,"$SPY $QQQ  $AAPL The Tech Reality: The moment the capital cleared borders, it created a massive surge in liquidity on the corporate balance sheet. Because Apple&#39;s  leadership chose not to over-expand real physical operations. Instead, they routed that money directly into Wall Street via unprecedented, record-breaking stock buyback programs.   Why This Fails to Propel  the Broader Economy at the time funding required the most?   Closed Capital Circle: Buying back its own stock simply passes billions of dollars to ultra-wealthy  who sell their shares back to the corporate treasury.  For capital to propel the economy, it requires high velocity of money—meaning it must change hands rapidly through wages, equipment procurement, and manufacturing logistics. Financial engineering loops bypass the consumer entirely, trapping capital in secondary equity markets to artificially lift valuation metrics. The bubble is about to collapse as divergence hits critical level.",Bearish,0,0,,1309451,Activetrader777,904,1,108,2017-12-12,False
654904183,AAPL,2026-05-31T17:27:31Z,$SPY $QQQ $AAPL Be Responsible.. The Planned Promise vs. The Shareholder RealityThe Pitch: Apple had roughly  $252 billion stashed offshore to legally defer U.S. corporate taxes. When the repatriation tax was cut to 15%  leadership promised it would pay a massive  $40 B  one-time tax bill and funnel the remainder toward propelling the U.S. economic framework and employment.,Bearish,0,0,,1309451,Activetrader777,904,1,108,2017-12-12,False
654902539,AAPL,2026-05-31T16:34:10Z,$AAPL comments?,,0,0,,3367713,DarkPoolMoneyMaker,347,1,30,2020-04-28,False
654902202,AAPL,2026-05-31T16:23:35Z,"$AAPL engaged LONG from our daily focus list on 5/7/26 , using this break above DT line price pattern with bullish MACD. The June 275 calls paid out +125%",Bullish,0,0,,23091,FITZSTOCK2004,5706,2,0,2010-09-05,False
654901818,AAPL,2026-05-31T16:11:11Z,$AAPL BULLISH | Anvesti Zapier StockTwits smoke test. View card: https://x.com/anvesti_/status/2060897942374936777. Educational only. Not,,0,0,,561611,anvesti,32,51,58,2015-08-01,False
654900377,AAPL,2026-05-31T15:26:07Z,$DJT $SPY $TQQQ $DJIA $AAPL  This has to be from a SNL skit....  ...,Bearish,0,0,,10932234,Sleepy_Don,9,2,1,2026-04-07,False
654899773,AAPL,2026-05-31T15:07:19Z,$META About to break chart gravity. Friday was the time to buy calls the coming days will be fueled by short covering and fomo chasers. Meta scheduled to wipe $22 Million this week against bears and $3 Million against new entry bulls with bad timing. Good luck. $QQQ $SPY $AAPL $TSLA,Bullish,0,0,,555585,mostfeardtrader,3997,0,28,2015-07-23,False
654897080,AAPL,2026-05-31T13:27:15Z,$AAPL $NVDA $QQQ $SPY $UVXY,,0,0,,122638,Higreg,379,307,25,2011-12-06,False
654896956,AAPL,2026-05-31T13:21:39Z,Week ahead overview (pin this) 📅 The week ahead: 8 high-impact releases  Mon: China Mfg PMI · U.S. ISM Mfg Tue: Euro-area CPI · U.S. JOLTs Wed: Australia GDP · U.S. ISM Services Thu: Australia Trade  Σ Forecast lands 60 min before every print  https://sigmanomics.com/economic-calendar  $EURUSD $SPX $AAPL $QQQ,,0,0,,3686,Sigmanomics,9360,2,6,2009-09-16,False
654896450,AAPL,2026-05-31T12:56:58Z,"Something very rare has taken place in the markets!    Over the trailing 2-month period, S&amp;P 500 has only traded below the 10-DMA on a single trading day. The last time this occurred was in late 2023 (top chart). The relentless rally in the market continued through the 1st half of 2024.     Before that, 2 occurrences in 2010. Of the 3 prior occurrences, markets were higher 6, 9, and 12 months forward.     $SPY $QQQ $NVDA $AAPL $UVXY",,0,0,,812524,sethmarcus,5692,325,14,2016-08-05,False
654895648,AAPL,2026-05-31T12:10:41Z,$BTC.X $NASDAQ $AAPL Da di da da da... 😏,Bullish,0,0,,462950,JaredSotken,1701,25,161,2015-02-09,False
654895296,AAPL,2026-05-31T11:50:25Z,$AAPL $NVDA $QQQ $SMH $SPY,,0,0,,812524,sethmarcus,5692,325,14,2016-08-05,False
654893811,AAPL,2026-05-31T09:42:24Z,$AAPL Rewarding a Company that owes Billions in Lawsuits is a sad testament to the Whores running the Market now.,Bullish,0,0,,10507626,firsthole,70,77,172,2025-09-17,False
654893142,AAPL,2026-05-31T08:12:26Z,"$AAPL slowest growth but PE 30% above all other mags, rewarding the stock all because the company is defensive with no capex. Straight nonsense",,0,0,,10307335,PutsOnMyself,166,14,7,2025-07-15,False
654892307,AAPL,2026-05-31T05:51:27Z,"$GAUZ $REFR $RACE $AAPL     Grok AI; How much is the SPD roof option on the Ferrari Purosangue    -The SPD (Suspended Particle Device) roof option on the Ferrari Purosangue — also called the electrochromic or photochromic panoramic glass roof — typically costs around £12,500 (about $16,000–$17,000 USD depending on exchange rates and taxes) in the UK/European market. US pricing references (from parts/option contexts) put the electrochromic panoramic roof assembly in the $16,000–$20,000+ range before installation/labor, taxes, or dealer markups    Will be interesting to see more details on the Luce roof     https://autos.yahoo.com/ev-and-future-tech/articles/ferrari-luce-ev-already-sold-161132649.html",,0,0,,3819898,Grinkk,78,3,33,2020-07-20,False
654891562,AAPL,2026-05-31T04:27:42Z,$QQQ $SPY $NVDA $AAPL,,0,0,,2151606,BiHiCellLo,255,4,12,2019-06-20,False
654891407,AAPL,2026-05-31T04:13:31Z,$AAPL $GOOGL $GOOG you said this  9  mos  ago  what a freakin  🤡,,0,0,,332345,george1sun2003,21,70,0,2014-03-19,False
654890872,AAPL,2026-05-31T03:30:47Z,$AAPL BULLISH | Anvesti Zapier StockTwits smoke test. View card: https://x.com/anvesti_/status/2060897942374936777. Educational only. Not,,0,0,,561611,anvesti,32,51,58,2015-08-01,False
654890691,AAPL,2026-05-31T03:19:03Z,"$GAUZ $REFR $RACE $AAPL     Former BBC Top Gear presenter James May has been trolled online for his views on Ferrari’s first electric car, the Luce, which was recently launched.    “I like it. I think it is interesting that Ferrari have done something very contemporary, very, very modern, which I think has been part of the definition of Ferrari styling over the years.&quot;    https://www.theatlantic.com/ideas/2026/05/electric-ferrari-luce/687367/",Bullish,0,0,,3819898,Grinkk,78,3,33,2020-07-20,False
654890656,AAPL,2026-05-31T03:16:22Z,$GAUZ $REFR $AAPL $RACE     https://www.theatlantic.com/ideas/2026/05/electric-ferrari-luce/687367/,Bullish,0,0,,3819898,Grinkk,78,3,33,2020-07-20,False
654890495,AAPL,2026-05-31T03:07:22Z,$AAPL Bullish signal from Anvesti. Dynamic ticker test. Educational only. Not financial advice.,,0,0,,561611,anvesti,32,51,58,2015-08-01,False
654889909,AAPL,2026-05-31T02:32:49Z,$AAPL just buy and hold this stock.,,0,0,,5237765,masonjoel99,68,9,118,2021-03-15,False
654889884,AAPL,2026-05-31T02:31:45Z,$AAPL $MSFT don’t believe in selling apple if want to make real money in market.  Bought after last split at 80+/-  and just held and watch it go up to $330 over time.  Can’t beet that and collect dividends.  I invest all my dividends into fidelity index fund Fxai500.,,0,0,,5237765,masonjoel99,68,9,118,2021-03-15,False
654889776,AAPL,2026-05-31T02:25:42Z,$AAPL split last time at 700.,,0,0,,5237765,masonjoel99,68,9,118,2021-03-15,False
654889750,AAPL,2026-05-31T02:24:17Z,$AAPL technically.  products are very advanced.  Watches are a must and phones are very advanced…,,0,0,,5237765,masonjoel99,68,9,118,2021-03-15,False
654889669,AAPL,2026-05-31T02:18:54Z,$AAPL $AMZN $GOOGL $NVDA   Don’t believe so.  Apple doing business.,,0,0,,5237765,masonjoel99,68,9,118,2021-03-15,False
654889652,AAPL,2026-05-31T02:17:51Z,$AAPL $GOOG $GOOGL store busy.. buyers are in store.  Apple watches a must.  Just bought two ..one for my wife and one for me.,,0,0,,5237765,masonjoel99,68,9,118,2021-03-15,False
654889612,AAPL,2026-05-31T02:15:12Z,"$AAPL went to apple store today.  Store packed with buyers.  Also school for previous buyers learning how to use their new watches.  We bought two watches and a phone …. $2500 later went home.  Watches are very important to warn of medical issue.  Fall, accident automatically calls 911 after a few seconds.  It is a must for seniors.  Delivered all ready….and Tuesday go back to get set up.",,0,0,,5237765,masonjoel99,68,9,118,2021-03-15,False
654889213,AAPL,2026-05-31T01:52:27Z,$AAPL $GOOGL $GOOG   Very bad crash lower. Lots of red. The wars are raging. Crimes rampant. Not a good time.,Bearish,0,0,,7287768,stronginvestor1994,208,1,29,2023-01-08,False
654886972,AAPL,2026-05-31T00:00:33Z,$AAPL $AMZN $GOOGL $NVDA,,0,0,,6107678,Elito221,0,0,1,2021-11-17,False
654886928,AAPL,2026-05-30T23:58:33Z,$NVDA Taiwan is so risky! China already said they’d reunify! This stock will sink down $50 dollars! I guarantee you this is a stock market crash…. $AAPL $AMZN $GOOGL,Bearish,0,0,,7287768,stronginvestor1994,208,1,29,2023-01-08,False
654886623,AAPL,2026-05-30T23:45:10Z,$NVDA It makes perfect sense for Nvidia to come up with their competing OS instead of $MSFT Windows and $AAPL IOS.     QNX is already the chosen OS in their autonomous tech and QNX is the OS in their robotic THOR IGX chips... Can QNX play a part in their PC chips? $BB Blackberry owns QNX btw... Is that why Blackberry has been on a tear after they broke out of their weekly breakout box... Is there any news coming and institutions are loading ahead of time?,,0,0,,8875090,Thamb19,289,36,24,2024-02-23,False
654884423,AAPL,2026-05-30T22:07:05Z,$AAPL $HOOD Repeating Mm Mm Mm,,0,0,,6193949,BrokeBail,28,4,0,2021-12-22,False
654883495,AAPL,2026-05-30T21:28:07Z,$AAPL #apple has gained 4.52% since the bullish pivot on the 19th,,0,0,,266971,WallStreetForecaster,14725,24,17,2013-10-03,False
654879013,AAPL,2026-05-30T18:42:21Z,$HOOD Looking a little thin on my side of the bargain. $AAPL,Bearish,0,0,,6193949,BrokeBail,28,4,0,2021-12-22,False
654878397,AAPL,2026-05-30T18:22:48Z,"$SPY Cash flow no longer covers the AI capex bill, so hyperscalers are funding it with record debt:     Hyperscaler bond issuance has soared to $150 billion YTD, more than the prior two years combined.    $NVDA $AAPL $AMZN $META",,0,0,,6159287,DrSilbergleit,1082,7,98,2021-12-05,False
654877821,AAPL,2026-05-30T18:05:14Z,Apple Inc earnings analysis ( $AAPL) https://youtu.be/T5Ql87SVk8s?si=SOOHTVIUUQXcF5gd,,0,0,,95342,Spicy_Trade,590,18,59,2011-07-23,False
654877762,AAPL,2026-05-30T18:03:44Z,Apple Inc earnings analysis ( $AAPL) https://youtu.be/T5Ql87SVk8s?si=iEKJAN3HlsUIqcg_,,0,0,,95342,Spicy_Trade,590,18,59,2011-07-23,False
654877541,AAPL,2026-05-30T17:57:51Z,$AAPL So who&#39;s predicting we get that very positive Ai-Siri news at the upcoming Conference (WWDC)?,,0,0,,935380,Plexrec,23,61,6,2017-01-25,False
654874931,AAPL,2026-05-30T16:36:25Z,$AAPL is always late.  $MSFT is going to beat them again.  LOL.,,0,0,,1000143,vonGr,132,117,152,2017-03-17,False
654872967,AAPL,2026-05-30T15:31:22Z,$AAPL 💪🏼BY YEARS END 26,Bullish,0,0,,206898,BradBreath,33,6,21,2013-01-13,False
654872162,AAPL,2026-05-30T15:04:51Z,"At Apple, we believe the best technology empowers people to do extraordinary things. Every product we create is guided by innovation, privacy, accessibility, and a commitment to leaving the world better than we found it. Excited for what’s ahead as we continue to push the boundaries of what technology can do. $AAPL",,0,0,,10999772,TimCookOfficial,0,0,2,2026-05-28,False
654870529,AAPL,2026-05-30T14:13:26Z,$AAPL,Bullish,0,0,,10203981,FunktradEE2,0,4,8,2025-06-14,False
654870503,AAPL,2026-05-30T14:12:56Z,$AAPL,,0,0,,11002672,Tandon12,0,0,0,2026-05-30,False
654868869,AAPL,2026-05-30T13:16:49Z,$AAPL Solid monthly close! Up around 12% in May from high 270s. I wouldn’t mind some consolidation here for a week between 303-312 to let the daily and weekly RSI cool off a bit and then target 330-335 as next step!,,0,0,,4788660,MicroCapsTrader,136,30,297,2021-01-30,False
654868297,AAPL,2026-05-30T12:56:26Z,$SPY $QQQ $TSLA $AAPL $KO Wiser words have never been said.,,0,0,,8452618,Probably_Drunk,311,2,235,2023-10-13,False
654867624,AAPL,2026-05-30T12:28:54Z,$AAPL   400. EOY SPLIT 2027 EOY,,0,0,,10350851,Ricoricki,16,37,25,2025-07-29,False
654867270,AAPL,2026-05-30T12:12:41Z,$AAPL Nobody is talking Ai here. !! Definitely what&#39;s behind this huge move up for Apple !!!,,0,0,,935380,Plexrec,23,61,6,2017-01-25,False
654866981,AAPL,2026-05-30T11:56:58Z,Wouldn&#39;t you know it?   3 new all-time highs in the calendar year to  = 22  What do you think comes next? ​    $SPY $QQQ $AAPL $NVDA $UVXY,,0,0,,812524,sethmarcus,5692,325,14,2016-08-05,False
654866885,AAPL,2026-05-30T11:51:28Z,$SPY $QQQ $AAPL $NVDA $META,,0,0,,812524,sethmarcus,5692,325,14,2016-08-05,False
654865976,AAPL,2026-05-30T10:43:52Z,"$SPY $QQQ $NVDA $MU $AAPL   This time everything is different?  “A tried-and-true tech selloff in just these top stocks, of the kind we’ve seen before several times after periods of these kinds of generational gains, would… well, whatever else that would do, it would throw the US economy into the recession that people have been feverishly predicting for years.”  “There are only so many trillions that can vanish from portfolios before it begins to impact economic decision making by consumers and companies alike, and derail economic growth.”  https://wolfstreet.com/2026/05/29/the-magnitude-of-the-numbers-is-just-mindboggling-12-companies-30-trillion/",,0,0,,1815424,rsmracks,1751,3,48,2019-01-19,False
654865240,AAPL,2026-05-30T09:25:04Z,"$AAPL what are all the rumors about foldable and new Vision Pro? If any truth to that, we’re looking at $330",,0,0,,1559644,AdrianRoth,64,27,13,2018-07-28,False
654863550,AAPL,2026-05-30T05:56:34Z,"$QQQ $SPY $NVDA $AAPL AMZN TSLA MSFT GOOGL    Gap up on Monday, faces ripped yet again.    Watch...    0DTE&#39;s    🙃",,0,0,,2151606,BiHiCellLo,255,4,12,2019-06-20,False
654863308,AAPL,2026-05-30T05:34:03Z,"$BB I don&#39;t have an Atlantic subscription.    The glass from Cornell on that Ferrari is what caught my eye. $AAPL     https://www.theatlantic.com/ideas/2026/05/electric-ferrari-luce/687367/    This car is getting a surprisingly high amount of attention, considering it&#39;s arguably not that big of a news story.    Ferrari releases EV, critics thinks it sucks.    Not news.    What is news - they claim it&#39;s profitable out of the gate, sure at 600k and that glass from Cornell that is constantly mentioned.",,0,0,,6635624,snowPOW,181,148,27,2022-05-21,False
654861974,AAPL,2026-05-30T04:12:21Z,"@Nononespecial based on fundamentals, it should be trading below $1 and kicked to the pink sheets. It is pure speculation of a big win against $AAPL that it is trading this high. The company has NOTHING else going for it. Debt is 10x revenues, which are collapsing. And it will keep increasing debt and diluting shares.",,0,0,,10472467,Binge_Thinker,15,12,25,2025-09-05,False
654861917,AAPL,2026-05-30T04:09:08Z,"$AAPL $MSFT took profits from my Roth IRA account. Fully exit $MSFT from $360 entry, still have majority of $AAPL in brokerage. Getting some cash ready for summer correction.",,0,0,,924924,Jacknhut,48,60,22,2017-01-13,False
654861068,AAPL,2026-05-30T03:31:15Z,"$DJT My 2028 candidates leading the pack. and i am so good at predicting 🥰 . I said Trump will win 2024, right after i saw THE TRUMP team, I said late 2024 MY CANDIDATE for 2028 is JD VANCE for President and Marco Rubio as vice president. Now check the latest polls.    I also made some changes months ago I said IF TRUMP DO GOOD, JD Vance will win BUT if Trump do Bad, The republican has MARCO RUBIO to save the day.     I believe MARCO Rubio with the minority votes added  WILL WIN no matter whether Trump do good or bad.    Now if you look at the latest poll Marco Rubio is rising.     But my ideal scenario TO TOTALLY EXTERMINATE the SOCIALIST/COMMUNIST NUTHEAD in the DEMON CRATIC PARTY, I like to see JD VANCE 8 YEARS plus Marco Rubio 8 years TO CLEAN OUR SYSTEM WITH DEMON CRATIC NUT HEAD who are designed by our adversaries GLOBALLY planted in our system TO DESTROY US FROM WITHIN. And these are THE DEMON CRATIC party virus.     GOD BLESS OUR COUNTRY USA 😇 $AAPL",,0,0,,1475213,redsstocktwits,462,3,21,2018-04-19,False
654861041,AAPL,2026-05-30T03:29:56Z,"$DJT My 2028 candidates leading the pack. and i am so good at predicting 🥰 . I said Trump will win 2024, right after i saw THE TRUMP team, I said late 2024 MY CANDIDATE for 2028 is JD VANCE for President and Marco Rubio as vice president. Now check the latest polls.    I also made some changes months ago I said IF TRUMP DO GOOD, JD Vance will win BUT if Trump do Bad, The republican has MARCO RUBIO to save the day.     I believe MARCO Rubio with the minority votes added  WILL WIN no matter whether Trump do good or bad.    Now if you look at the latest poll Marco Rubio is rising.     But my ideal scenario TO TOTALLY EXTERMINATE the SOCIALIST/COMMUNIST NUTHEAD in the DEMON CRATIC PARTY, I like to see JD VANCE 8 YEARS plus Marco Rubio 8 years TO CLEAN OUR SYSTEM WITH DEMON CRATIC NUT HEAD who are designed by our adversaries GLOBALLY planted in our system TO DESTROY US FROM WITHIN. And these are THE DEMON CRATIC party virus.     GOD BLESS OUR COUNTRY USA 😇 $AAPL     https://www.usatoday.com/story/news/politics/2026/05/29/pete-buttigieg-jd-vance-top-new-2028-presidential-primary-poll/90317931007/",,0,0,,1475213,redsstocktwits,462,3,21,2018-04-19,False
654859161,AAPL,2026-05-30T02:24:46Z,$AAPL How we looking?,,0,0,,10228296,OkieDokieTrader,158,5,245,2025-06-23,False
654859075,AAPL,2026-05-30T02:21:28Z,$AAPL Oh Mylanta! That&#39;s one of the longest rising wedges I&#39;ve ever seen (and it&#39;s trying to break down from it). 👀,,0,0,,6898535,DerpyTrades,196,18,14,2022-09-28,False
654858423,AAPL,2026-05-30T01:59:17Z,$MSFT The AI Boom (Bubble) is still a good place to invest &amp; could continue higher through at least 2027. The productivity gains from Agentic AI are still in the early stages. AI companies are making far more $ than many people realize. $MSFT $NVDA GOOGL AMZN  META    TSLA $AAPL $QQQ $SPY,Bullish,0,0,,593228,AlphaTrader8,1841,386,299,2015-09-04,False
654857160,AAPL,2026-05-30T01:22:20Z,$AAPL 290 next week,,0,0,,10307335,PutsOnMyself,166,14,7,2025-07-15,False
654855409,AAPL,2026-05-30T00:37:10Z,"What&#39;s up with $AAPL today  Stock&#39;s flat but there&#39;s some serious call action going on  Over the last five sessions, call flow has been super heavy, especially in those near and moderately OTM strikes  Saw a big burst of Aug 21 $345 calls getting snapped up, $15M in ask-side sweeps on InsiderFinance  Institutions could be gearing up for a push toward the mid-$340s by late summer  Might be worth watching if this starts to lift in the next few sessions  Could be a leading indicator  Keep an eye on those levels before jumping in with new longs",,0,0,,4012727,QuantInsider,2131,0,0,2020-08-27,False
654852861,AAPL,2026-05-29T23:43:28Z,"$NVDA  $INTC $AAPL  For everyone in FULL panic-mode cuz of the Nvidia move 10 minutes before market close today, 50 million shares were sold AT ONCE to facilitate the largest EVER MSCI rebalance.  $INTC with 31.9m shares",Bullish,0,0,,8749642,PurpleShitake,58,4,0,2023-12-21,False
654846744,AAPL,2026-05-29T21:54:49Z,"$AAPL Apple has never been known as innovative or to produce creative technology. Apple copies tech from others, simplies it and improves the quality of it, then they sell it as their own. Ohh, they used to do this thing with privacy as well, but that’s no longer the case. $SSNLF $SPY $NVDA",,0,0,,2067194,swingtraderavi,420,125,255,2019-05-09,False
654844918,AAPL,2026-05-29T21:29:31Z,"Apple’s strength has never been measured by a single quarter or a single product. It’s built on relentless innovation, customer trust, and a commitment to creating technology that enriches lives. Long-term value comes from staying focused on what matters most. $AAPL  #Innovation #Leadership #LongTermInvesting",,0,0,,10999772,TimCookOfficial,0,0,2,2026-05-28,False
654844483,AAPL,2026-05-29T21:24:02Z,$AAPL   Apple posted a strong breakout and follow through this month.  Will we see a retest (buying opportunity) this summer?  #IBDPartner    @MarketSurge @InvestorsBusinessDaily,,0,0,,116133,andrewnyquist,44067,140,0,2011-11-05,True
654843536,AAPL,2026-05-29T21:11:31Z,$AAPL that how predicatble this has become...everyday slam 0dte calls at open,,0,0,,7068827,HankHedgeHogFund,154,0,3,2022-12-07,False
654842933,AAPL,2026-05-29T21:04:01Z,"$NVDA 👇 This was expected  lol relax  Friday’s MSCI rebalance will be the largest ever, with a ~$303BN overall trade.  Notable tech rebals include: $NVDA (largest trade notionally of ~$11B to sell, net index supply of almost 50mn shares)  $AAPL big large buy ~$3.1b, net demand 10.5m shares)  $INTC should be net index supply of 31.9m shares",,0,0,,9331073,Napoliblue,134,3,3,2024-07-26,False
654842504,AAPL,2026-05-29T20:59:00Z,$AAPL Worth $285…. Let it cool down. Stocks go up and down folks…..,Bearish,0,0,,7287768,stronginvestor1994,208,1,29,2023-01-08,False
654841543,AAPL,2026-05-29T20:48:32Z,$AAPL music is broken,Bearish,0,0,,1604332,Kascnef82,171,26,15,2018-09-09,False
654839609,AAPL,2026-05-29T20:30:36Z,$AAPL Cheap sellers will be chasers at higher price. Whomever bought today&#39;s 211 dip = sitting pretty.,Bullish,0,0,,2231373,macrossluvsrobotech,985,317,299,2019-07-30,False
654839487,AAPL,2026-05-29T20:29:21Z,$AAPL $NVDA lotto puts made up for the week…. Definitely buying calls on the drop coming Monday morning. Best case for Monday is a flat Monday after recovering from morning gap down.,Bearish,0,0,,2067194,swingtraderavi,420,125,255,2019-05-09,False
654839135,AAPL,2026-05-29T20:26:17Z,$SPY $QQQ $AMZN $META $AAPL,,0,0,,96570,HaramiTide,703,265,42,2011-07-28,False
654839070,AAPL,2026-05-29T20:25:39Z,$SPY $QQQ $VIX $AAPL $NVDA,,0,0,,96570,HaramiTide,703,265,42,2011-07-28,False
654838973,AAPL,2026-05-29T20:24:46Z,$MSFT Next 480+ not financial advice   $QQQ $AAPL $MU $SPY,Bullish,0,0,,593228,AlphaTrader8,1841,386,299,2015-09-04,False
654837752,AAPL,2026-05-29T20:15:28Z,$AAPL $INTC $MSFT $NVDA great post superbigboss,,0,0,,10074578,Jduejene,9,1,21,2025-05-04,False
654837712,AAPL,2026-05-29T20:15:13Z,$AAPL $INTC $MSFT $NVDA this is what happened,,0,0,,10074578,Jduejene,9,1,21,2025-05-04,False
654837356,AAPL,2026-05-29T20:12:52Z,$MSFT $NVDA $AAPL $INTC   If you wondering what happened into close 👇  I reshared yesterday. It confirms the money flow/rotation!,,0,0,,1952842,SuperBigBoss,2688,12,30,2019-03-21,True
654837165,AAPL,2026-05-29T20:11:41Z,$AAPL I never let you all down.,,0,0,,501373,AAADios,196,1075,22,2015-04-15,False
654836595,AAPL,2026-05-29T20:08:06Z,$AAPL Great afternoon rally--buyers eating up cheap shares !!,,0,0,,935380,Plexrec,23,61,6,2017-01-25,False
654834020,AAPL,2026-05-29T19:55:51Z,$AAPL not that I want to see it but where’s that retail idiot that said he’d eat his own shit or shove a pineapple up his ass or something like that and post it IF Apple closed above ”$.”  Homie got rinsed 😂,Bullish,0,0,,10960773,ChowDown,0,0,0,2026-04-29,False
654833911,AAPL,2026-05-29T19:55:23Z,$AAPL very suspect price action here added puts on this vertical VWAP break,Bearish,0,0,,1853481,ProfitablePiggg,20561,128,25,2019-02-06,False
654833754,AAPL,2026-05-29T19:54:40Z,$AAPL have $310 call exp This Monday. Keep over the weekend or sell now?,,0,0,,3974082,Sf49ers,13,0,3,2020-08-19,False
654833742,AAPL,2026-05-29T19:54:38Z,$AAPL completely diverging from the $SPY  eod here,,0,0,,1853481,ProfitablePiggg,20561,128,25,2019-02-06,False
654833527,AAPL,2026-05-29T19:53:36Z,$AAPL told ya,,0,0,,5273386,CaydinRiot,11,11,244,2021-03-23,False
654833345,AAPL,2026-05-29T19:52:42Z,"$AAPL just rolled the weeklys out a week, same strike, for an additional $2 per contract.",,0,0,,8532,tripplett,321,140,57,2010-02-11,False
654833212,AAPL,2026-05-29T19:52:04Z,$AAPL $AMD $INTC $MSFT $NVDA month end rebalancing. … wow as it was estimated heavy buys in aapl and msft and that whay we are seeing,,0,0,,1952842,SuperBigBoss,2688,12,30,2019-03-21,True
654833050,AAPL,2026-05-29T19:51:15Z,$AAPL that $1 instant jump tho...,Bullish,0,0,,8532,tripplett,321,140,57,2010-02-11,False
654905552,TSLA,2026-05-31T18:12:06Z,$TSLA It&#39;s a valid short-term bearish concern for Tesla stock. Just say hello to your mom.,Bullish,0,0,,5763002,skcots_13,195,9,56,2021-07-28,False
654905457,TSLA,2026-05-31T18:08:51Z,$TSLA do you also think money will move from Tesla to SpaceX after the IPO ?,Bearish,0,0,,9299246,AI_fever,100,21,14,2024-07-11,False
654905437,TSLA,2026-05-31T18:08:09Z,"$TSLA A lot of people ruin it by doom-scrolling or stressing about the weekend. Treat it like a limited resource. What kind of Sunday are you in the mood for today — chill, productive, social, or full gremlin mode? You freaks are masterbatting.",Bullish,0,0,,5763002,skcots_13,195,9,56,2021-07-28,False
654905383,TSLA,2026-05-31T18:06:39Z,$BTC.X $DJT $NVDA $SPY $TSLA  Like when MAGA says they’re pro life but then actively protect PDFs and demonize the victims.,Bearish,0,0,,10621193,Ermergerd,19,15,20,2025-10-24,False
654905113,TSLA,2026-05-31T17:57:36Z,$BTC.X $DJT $NVDA $SPY $TSLA,Bullish,0,0,,3879445,MilhouseVanhouten,114,2,33,2020-07-30,False
654904639,TSLA,2026-05-31T17:42:15Z,good stuff   $DRNZ $ONDS $TSLA,,0,0,,5,howardlindzon,386541,2212,295,2009-07-11,True
654904325,TSLA,2026-05-31T17:32:08Z,$NVDA $TSLA   Jensen Huang just called humanoid robots a $40 trillion market. Here’s why Wall Street is loading up on physical AI stocks  Story by Michael Williams • 6h •   https://www.msn.com/en-us/money/savingandinvesting/jensen-huang-just-called-humanoid-robots-a-40-trillion-market-here-s-why-wall-street-is-loading-up-on-physical-ai-stocks/ar-AA24tY4m?ocid=BingNewsSerp,,0,0,,4459467,AStrokeOfLuck,590,14,128,2020-12-22,False
654904289,TSLA,2026-05-31T17:30:56Z,$TSLA Pray for me folks🙏,Bullish,0,0,,10550701,Bossup2025,0,3,20,2025-09-30,False
654904261,TSLA,2026-05-31T17:29:56Z,"Aviation is in the spotlight - are you ready to take flight?    Friday&#39;s Aspen Times put the airport on the front page.     I stepped off the desk before the open and headed to Marble, where fate dropped two backcountry pilots in my path - one a director with the Recreational Aviation Foundation.     The Aerial Economy keeps finding me.    This week&#39;s note covers what I&#39;m holding and watching:     $ONDS pressing toward all-time highs    $TSLA testing its multi-year breakout    $DRNZ leading the drone trade    ​$APLD setting up for fresh highs    I&#39;m fully vested and patient. The frontier is taking flight.    Read more here — https://www.godspeed.today/2026-05-31/deep-backcountry cc @howardlindzon",,0,0,,1895427,coloradoriley,841,26,9,2019-02-26,True
654904052,TSLA,2026-05-31T17:22:44Z,Current holdings heading into the week.     $ONDS $APLD $TSLA $RKLB $IWM cc @howardlindzon,,0,0,,1895427,coloradoriley,841,26,9,2019-02-26,True
654903258,TSLA,2026-05-31T16:56:26Z,$TSLA  It’s about scale and nobody does it better. Ask Bezos.,,0,0,,7001861,PhishTourFunds,502,56,151,2022-11-12,False
654903205,TSLA,2026-05-31T16:54:46Z,$TSLA AI gen: The vehicles generating the video footage flagged in the Reuters investigation predominantly utilized Hardware 3 (HW3) and Hardware 4 (HW4);  and that is why back then it was validated at L2 and not L4; until this  week.,,0,0,,806853,Wwwe,10,0,26,2016-07-29,False
654903047,TSLA,2026-05-31T16:49:10Z,$BTC.X $TSLA $RDDT $NVDA $SOL.X,Bullish,0,0,,8272330,Stichy,438,2118,128,2023-09-21,False
654902926,TSLA,2026-05-31T16:45:49Z,"$TSLA Cisco in 2000 at its peak, Cisco traded at a forward Price-to-Earnings (P/E) multiple of roughly 150x to 200x. Investors willingly paid this premium because they believed Cisco would monopolize the entire plumbing of the global internet.Tesla today because its auto earnings have slowed down while the stock price rises on hype, Tesla’s trailing P/E ratio has bloated to an astronomical 398x. Investors today are willingly paying that massive premium because they believe Tesla will monopolize global robotics, autonomous driving, and AI infrastructure. Longterm investors are gonna get fked dont say nobody warned you.",Bearish,0,0,,792874,Bpennypicks,92,9,272,2016-07-12,False
654902793,TSLA,2026-05-31T16:41:40Z,$TSLA eu number and China numbers are out gap up in the morning  let’s goooooo,Bullish,0,0,,759047,cocoland,41,63,119,2016-05-24,False
654902702,TSLA,2026-05-31T16:38:46Z,"$TSLA Who remembers Cisco Systems  The hype was massive, the news was completely bullish and everyone argued that traditional valuation metrics were dead because Cisco was building the future global internet infrastructure. Cisco did end up building the future of the internet but the stock still crashed nearly 90% because the hype had driven the stock price completely out of line with REALITY . It took over 20 years for investors who bought the peak hype to break even. 😈 I can smell the blood from miles away and I cant wait to cash in on it",Bearish,0,0,,792874,Bpennypicks,92,9,272,2016-07-12,False
654902500,TSLA,2026-05-31T16:33:01Z,$BTC.X $TSLA $HOOD $SOL.X,Bearish,0,0,,8272330,Stichy,438,2118,128,2023-09-21,False
654902447,TSLA,2026-05-31T16:31:45Z,$SPY $DJT $NVDA $TSLA $BTC.X,,0,0,,5932993,ThinkYouCan,242,26,12,2021-09-21,False
654902172,TSLA,2026-05-31T16:22:48Z,"$NVDA $TSLA    The Physical AI era is emerging: a ~$40T robotics revolution    AI is shifting from software into embodied hardware intelligence. NVIDIA CEO Jensen Huang sees humanoid robots unlocking a ~$40 trillion labor automation market, driving strong capital positioning.    Physical AI is essentially digital intelligence with a body. Autonomous driving and humanoid robots share the same core stack of perception, planning, and control, with scale potential beyond smartphones and EVs.    The market is forming around two pillars: NVIDIA as the infrastructure layer powering training and compute via chips and the Isaac platform; and Tesla as one of the few players pushing humanoid robots toward real commercialization. Capital inflows continue to signal an early but accelerating industrial cycle.",,0,0,,10885937,capitalthinktank,232,181,0,2026-03-03,False
654902030,TSLA,2026-05-31T16:18:32Z,$SPY $DJT $NVDA $TSLA $BTC.X     If Trump ran again...,,0,0,,5932993,ThinkYouCan,242,26,12,2021-09-21,False
654901867,TSLA,2026-05-31T16:12:49Z,$TSLA ask google gemini   It is free  It gives great equipment and software advice,,0,0,,552410,vgordon,21,65,8,2015-07-18,False
654901733,TSLA,2026-05-31T16:08:32Z,$TSLA $500 this week HODL,,0,0,,10470764,nostoplosss,42,8,21,2025-09-04,False
654901379,TSLA,2026-05-31T15:56:37Z,"$TSLA Agreed, I was expecting a retrace to at least 400 down  stock held  It’s still a good time to be cautious and keep position small, I’ve made more money and small trades with the stock than larger ones",Bullish,0,0,,3095699,Mac1984,39,27,12,2020-02-14,False
654901216,TSLA,2026-05-31T15:52:15Z,$TSLA  on watch for breakout,,0,0,,11671,KarSun01,457,121,9,2010-03-30,False
654901147,TSLA,2026-05-31T15:50:08Z,"$TSLA trading through a messy 3 week stretch but the bigger picture still leans bullish.     Structure hasn’t broken, dips continue to get absorbed and momentum still points toward a push back into price discovery.     Main level to watch is the weekly 20 MA near 403, as long as that holds, path of least resistance stays higher with a retest of the 499 all time high still in play.     Below that would shift the entire tone fast.     Right now it feels more like digestion than distribution and bulls still have control of trend.",,0,0,,10885937,capitalthinktank,232,181,0,2026-03-03,False
654901078,TSLA,2026-05-31T15:48:06Z,$JEPI $JEPQ $USHY $TSLA $CRM   Buy Bitcoin…  Better than stocks…  Thank me later…,,0,0,,10346351,NatoshiSakomoto,232,0,4,2025-07-28,False
654901069,TSLA,2026-05-31T15:47:40Z,$TSLA 445,Bullish,0,0,,3109411,Harlydav,196,98,246,2020-02-20,False
654900882,TSLA,2026-05-31T15:41:45Z,"This is absolutely insane.   If you invested $3,000 in $TSLA  IPO in June 2010, you&#39;d be a millionaire today.  If you invested the same $3,000 in $BTC.X that same month, you&#39;d have $5.35 BILLION today.  $XRP.X $SOL.X $UPDOG.X",Bullish,0,0,,638216,Swaggy_P,416,162,200,2015-11-22,False
654900628,TSLA,2026-05-31T15:33:23Z,$TSLA https://www.aljazeera.com/news/2026/5/31/trump-tightens-terms-on-iran-war-deal-us-media-say,,0,0,,792874,Bpennypicks,92,9,272,2016-07-12,False
654900375,TSLA,2026-05-31T15:26:04Z,$TSLA https://www.benzinga.com/markets/tech/26/05/52894275/elon-musk-led-teslas-former-ai-trainers-do-not-trust-its-self-driving-tech-safety-data-repor?utm_source=TechInvestorNews&amp;utm_campaign=partner_feed&amp;utm_medium=referral,,0,0,,792874,Bpennypicks,92,9,272,2016-07-12,False
654900374,TSLA,2026-05-31T15:26:04Z,"This is wild, but it shows how markets reward extreme conviction in the right narrative.     Back in June 2010, a 3000 dollar investment in the $TSLA IPO would have turned into a position worth over a million dollars today.     The same 3000 dollars allocated to $BTC.X     in that same period would be around 5.35 billion dollars in value today.     This is the definition of asymmetric upside in early phase innovation assets.     Most traders miss it because volatility feels unbearable in real time and the story looks irrational.     The real edge is staying positioned through deep drawdowns when conviction is tested and uncertainty dominates sentiment.",,0,0,,10885937,capitalthinktank,232,181,0,2026-03-03,False
654900134,TSLA,2026-05-31T15:18:58Z,$TSLA   Needs a bigger helmet.,,0,0,,1197549,trumpdisasterprez,69,0,13,2017-09-21,False
654899773,TSLA,2026-05-31T15:07:19Z,$META About to break chart gravity. Friday was the time to buy calls the coming days will be fueled by short covering and fomo chasers. Meta scheduled to wipe $22 Million this week against bears and $3 Million against new entry bulls with bad timing. Good luck. $QQQ $SPY $AAPL $TSLA,Bullish,0,0,,555585,mostfeardtrader,3997,0,28,2015-07-23,False
654899540,TSLA,2026-05-31T14:58:31Z,$TSLA https://youtu.be/JDL7qJVf1dc?si=uApbiITDN6xNDxHc,Bullish,0,0,,3896442,15fingers,91,101,178,2020-08-03,False
654899527,TSLA,2026-05-31T14:58:10Z,“Could be a decent Plaid replacement actually… more than decent.” -Vehicle Virgins. $TSLA #TeslaSucks $RIVN #RJScarCringe $LCID #CompromiseNothing #ZeroDragCoefficient #BehindTheDesign #EveryMillimeterCounts #AutomotiveInnovation #RallyAgainstRangeAnxiety #Chalamet #Gravity #DefyTheStatusQuo #OwnYourTomorrow #AirGrandTouring #Sapphire #BreathtakingBrilliance #SexyElegance #Jawohl #Wunderbox #SeatMassage #EliteEfficiency #PerfectionPersonified #ZenithMetallicRed #FathomBlueMetallic,Bullish,0,0,,390907,trondisc,91,72,7,2014-08-22,False
654898882,TSLA,2026-05-31T14:36:10Z,$MULN.X is better than $TSLA and $LCID     J6F9W8CLa1afkCdbxDSAyMeXo9Vsfvprv9QzHYMS5HgP,Bullish,0,0,,7669973,SphdBtbt,55,33,6,2023-04-13,False
654898876,TSLA,2026-05-31T14:35:41Z,$TSLA,Bullish,0,0,,3677742,cali001,78,14,19,2020-06-24,False
654898456,TSLA,2026-05-31T14:21:22Z,$SMMT Trending #1 with suspicious bears coming out of the woodwork. If you were on the $TSLA boards in the early days you’ll remember. Everyone knows what followed.,Bullish,0,0,,1682032,officialshawn,2526,185,95,2018-10-26,False
654898392,TSLA,2026-05-31T14:18:49Z,$TSLA Back to the “Top spot”,Bullish,0,0,,371877,Joe_Mama,1569,133,128,2014-07-04,False
654897507,TSLA,2026-05-31T13:45:04Z,$TSLA $QQQ ”bro they just need to push a button and every Tesla is now a 250k revenue producing ai robot”   Let me spoil it for you if Elmo could do that he would the reason we don’t see “scale” is this tech stack and equipment can not do it.  I bet every “robotaxi” is using the actually Indians version of AI to make sure they don’t keep killing people,Bearish,0,0,,6005907,Dutchmaster02,43,21,28,2021-10-21,False
654897126,TSLA,2026-05-31T13:29:19Z,$TSLA I am so upset!  It’s looking like I’m going to have to purchase a new iPad ($1500!!!!) in order to download the new Think or Swim app because of their Schwab update which requires OS 18.  My up to date version is 17.  Does anyone know how I can get 18 on my iPad?  Thank you BIGLY!,,0,0,,602239,Acecat,574,28,294,2015-09-19,False
654896051,TSLA,2026-05-31T12:36:56Z,$TSLA https://estonianworld.com/technology/estonia-approves-teslas-self-driving-system-for-its-roads/,,0,0,,4358281,Arofru,1,0,6,2020-11-29,False
654895717,TSLA,2026-05-31T12:15:02Z,$BTC.X $NASDAQ $TSLA Don&#39;t fight it bearsies... Your sells won&#39;t make that much. Seriously 😏,Bullish,0,0,,462950,JaredSotken,1701,25,161,2015-02-09,False
654894955,TSLA,2026-05-31T11:32:06Z,$TSLA   $SPCE   $RXRX,,0,0,,4876640,ProfitTrader2021,25,37,102,2021-02-05,False
654894894,TSLA,2026-05-31T11:28:23Z,$TSLA 15% away from $500… 👀,,0,0,,873468,Sykes,210,10,60,2016-11-07,False
654894868,TSLA,2026-05-31T11:26:35Z,$TSLA $500 by eow?,,0,0,,873468,Sykes,210,10,60,2016-11-07,False
654894560,TSLA,2026-05-31T11:01:36Z,$BTC.X $TSLA $SPCX $QQQ,Bearish,0,0,,10765342,sellthatponzi,17,6,5,2025-12-23,False
654894262,TSLA,2026-05-31T10:35:00Z,​$SPY $QQQ $NVDA $TSLA $BTC.X $ETH.X  ​The Sunday open is hours away and retail is already prepping to gamble their balances away on unaligned lower-timeframe noise. 🪤 Stop donating your capital to false breakouts. AlgoFlow Pro V3 syncs your execution into strict 15m/1H Dashboard Alignment + real-time Institutional Volume confirmation. No data confluence = No trade. 📈🕵️‍♂️  ​🚨 SUNDAY SPECIAL: I am giving away 2 Exclusive Presentations showing exactly how our algorithm tracks smart money footprints. Message me at @Rocket_Sales_Service_bot to grab both decks for FREE. Ditch the $100+/mo markup. Lock in your edge for just $25/mo. 🚀🏆  ​Whop Store: https://whop.com/universal-indicator/universal-indicator-algoflow-pro/  ​Disclaimer: AlgoFlow Pro is a technical analysis tool for educational purposes only. Trading involves risk. Use at your own risk.,,0,0,,5025739,Universal_Indicator1,116,73,5,2021-02-14,False
654893613,TSLA,2026-05-31T09:16:20Z,$TSLA   This software does not exist anymore  What is your point. ?,,0,0,,552410,vgordon,21,65,8,2015-07-18,False
654893509,TSLA,2026-05-31T09:03:07Z,$NVDA $AMD $SMCI $PLTR $TSLA I&#39;m drinkin&#39;em as fast as I can.,Bullish,0,0,,216268,Flickted,176,219,4,2013-02-21,False
654893447,TSLA,2026-05-31T08:54:35Z,"$NVDA $TSM $TSLA   Here is the thing I don’t get.   Elon Musk is going to hop into fab production and build terrawatts of compute out of nothing. He doesn’t have any of these relationships that Jensen has been building for decades, and they are already ramping production as fast as they can.   Musk wants to build chips and the entire supply chain is going to abandon Jensen and ramp up terrawatts of compute for Musk instead?   Something doesn’t add up about that.",,0,0,,8186421,o_0_O_0_o,193,115,115,2023-08-17,False
654892879,TSLA,2026-05-31T07:32:48Z,$TSLA,Bullish,0,0,,216268,Flickted,176,219,4,2013-02-21,False
654892733,TSLA,2026-05-31T07:09:38Z,"$SPY $QQQ $IWM $GM $TSLA  The following outlines a perspective on the incremental adoption of certain technologies and their potential implications for individual autonomy:  When livestock are guided through a chute, the design often incorporates curves to obscure the path ahead. This design encourages continuous forward movement, as the animals perceive the immediate threat behind them to be greater than the unknown ahead, despite the ultimate destination.  Let us consider a parallel in how control can be incrementally established and how individuals may progressively cede certain rights:  The following technological advancements represent a progression that has been largely accepted:  1. Lane departure warning systems: Accepted. 2. Automatic emergency braking: Accepted. 3. Adaptive cruise control: Accepted. 4. Autopilot functionalities: Accepted. 5. Monitoring cameras: Currently being accepted. 6. The absence of a steering wheel in vehicles: Pending.",,0,0,,1416920,Academia,2513,11,133,2018-02-20,False
654892645,TSLA,2026-05-31T06:49:55Z,$TSLA chamath is pumping spaceX? LMFAO.  Full of shesh so just look at FSD,,0,0,,3037606,CmonManGiveMeABreak,176,4,13,2020-01-17,False
654892046,TSLA,2026-05-31T05:18:11Z,"$FGMC The stock is pinned near $10.33, typical for a SPAC pre-vote. The volatility will explode after the ticker change to BXBL.    $TSLA     https://truthsandnews.com/markets/fgmc-stock-news-boxabl-merger-vote-bxbl-forecast-catalyst",Bullish,0,0,,10923715,Taajom,1,0,0,2026-03-31,False
654891951,TSLA,2026-05-31T05:07:06Z,$TSLA Can a Money-Losing Company Be Worth $2 Trillion?lmfao,,0,0,,3037606,CmonManGiveMeABreak,176,4,13,2020-01-17,False
654891648,TSLA,2026-05-31T04:36:46Z,$FGMC     $TSLA    Why did Elon want boxable? Is he habiting mars with the pop-ups in rockets?    I&#39;m not sure how much of all this makes sense to fund.    Not financial,,0,0,,8768209,Florida_Mama,113,143,32,2024-01-03,False
654891636,TSLA,2026-05-31T04:35:40Z,"$TSLA  gamma levels  $435 = strongest nearby pin / magnet  $430 = first important support  $440 = first nearby resistance  $450 = major overhead cap  Below that, $420 is another strong support zone  What this means is aint shit gonna happen unless there is big new to make this pos drop lower or go higher. I dont mind bc I enjoy day trading it",,0,0,,792874,Bpennypicks,92,9,272,2016-07-12,False
654891621,TSLA,2026-05-31T04:33:49Z,$TSLA  $SPY   You might want to watch this if you are a shareholder....    https://www.youtube.com/watch?v=2q-ELMktkgY,,0,0,,973934,DARKAGE_IS_HERE,135,6,115,2017-02-27,False
654891519,TSLA,2026-05-31T04:23:31Z,@Ryuk Bezos steps out of the limo...starts swinging punches.    &quot;All this you did for $80K!&quot;    Brawl ensues...Elon records it from satellites and it pops up on Truth Social.    Damned you @Ryuk! Look at what you started!    Meta&#39;s Zuck joins in with Elon and Maduro somehow appears with his wife.    The $PL $META $TSLA $DJT stocks volatility go nuts.    &quot;Why&#39;d you blow up my rocket ship?&quot;    @Ryuk stammers...&quot;I needed the money.&quot;    💰     NFA,,0,0,,8768209,Florida_Mama,113,143,32,2024-01-03,False
654891513,TSLA,2026-05-31T04:22:36Z,$TSLA Iran..No deal with USA...Market crash Monday?,,0,0,,7563891,Bazzzigar,934,24,17,2023-03-11,False
654891001,TSLA,2026-05-31T03:40:43Z,"$BTC.X $SPCX $TSLA  X post 553K views so far  &quot;BREAKING:  Elon Musk just said what nobody in Washington wants to hear.  &quot;The government is basically unfixable.&quot;  &quot;If AI and robots don&#39;t solve our national debt. We&#39;re toast.&quot;  $39,000,000,000,000 in national debt.  Adding trillions every year.  The man who built Tesla. SpaceX.   And tried to fix the government himself.  Just admitted it can&#39;t be fixed by humans.  Only two things can save America now.  AI and robots. Or bankruptcy.  There is no third option.&quot;  May 29, 2026  https://x.com/CryptoTice_/status/2060285026009219474?s=20&quot;",Bullish,0,0,,9273654,Lizette1,249,111,77,2024-07-01,False
654890858,TSLA,2026-05-31T03:30:08Z,$NVDA $AMD $SMCI $PLTR $TSLA,Bullish,0,0,,216268,Flickted,176,219,4,2013-02-21,False
654890795,TSLA,2026-05-31T03:26:29Z,$TSLA For what it&#39;s worth. Another user posted activity on HyperLiquid as a gauge of how it was moving last weekend. Figured I would do the same for this weekend.,Bullish,0,0,,216268,Flickted,176,219,4,2013-02-21,False
654890358,TSLA,2026-05-31T02:58:47Z,"$TSLA   &quot;&quot;Without freedom of speech, we are just slaves in the matrix.&quot;    一 Elon Musk  &quot;  15 hours ago   https://x.com/cb_doge/status/2060686297048699301?s=20",Bullish,0,0,,9273654,Lizette1,249,111,77,2024-07-01,False
654889979,TSLA,2026-05-31T02:36:15Z,"$ASTS $RKLB $AMZN $TSLA $SPY  ASTS  Blue Bird 8,9,10 reached Cape Canaveral.Mid-June launch of three Bluebird satellites aboard a Falcon 9 rocket C9 9. 32 next-generation satellites at advanced stages of assembly to be ready for launch. Network deployment with a launch every one to two months on average. Space-based cellular broadband. Built in Texas.",Bullish,0,0,,1304664,MacroHard26,190,1,285,2017-12-09,False
654888968,TSLA,2026-05-31T01:39:28Z,"Tesla, Inc. ( $TSLA ) SpicyTrade - Daily Stock Analysis https://youtu.be/cipQwUSoXGQ?si=GBE0EhTYIxZNz9kd",,0,0,,95342,Spicy_Trade,590,18,59,2011-07-23,False
654888224,TSLA,2026-05-31T01:05:41Z,$TSLA are we goin to 500 or what...,,0,0,,537084,middleman,232,4,36,2015-06-20,False
654887904,TSLA,2026-05-31T00:50:08Z,$TSLA 💋💋💋💋💋,Bullish,0,0,,406289,Zen0001,9,63,23,2014-09-30,False
654886738,TSLA,2026-05-30T23:50:16Z,$DJT $TSLA   Heil Hitler.,Bearish,0,0,,10932234,Sleepy_Don,9,2,1,2026-04-07,False
654886457,TSLA,2026-05-30T23:38:18Z,@ThePiperofSimms Here is another article on $TSLA FSD failure for you since the truth upset you with my last post enough for you to resort to petty name callling.   https://www.reuters.com/investigations/why-teslas-ai-trainers-dont-trust-its-self-driving-tech-or-its-safety-stats-2026-05-28/,,0,0,,2927384,BodyByDave,314,145,36,2019-11-21,False
654886168,TSLA,2026-05-30T23:23:08Z,"$TSLA I’m curious why there haven’t been massive class-action lawsuits filed in the US against Elon Musk and Tesla for their misleading and false advertising of Tesla owners and the public. They’ve been selling FSD capabilities for the past decade, claiming it’s capable of Full Self-Driving, but it’s still not level 4 autonomous. Calling and selling a service as Full Self-Driving for a decade that’s not even level 4 autonomous is criminal, to say the least. 🤷🏼‍♂️🤯   https://seekingalpha.com/news/4598628-tesla-facing-consumer-lawsuit-in-china-over-fsd-claims-report",,0,0,,2927384,BodyByDave,314,145,36,2019-11-21,False
654885676,TSLA,2026-05-30T23:00:14Z,$MSFT $TSLA $QQQ Agee 💯 this will be a retail nightmare....they will be left holding the bag,,0,0,,545004,NowWeKnow,68,124,234,2015-07-06,False
654885317,TSLA,2026-05-30T22:45:09Z,$TSLA  SpaceX financial engineering will take Tesla to hit $500+,,0,0,,3737292,JulieJourneyToHell,39,10,9,2020-07-04,False
654885048,TSLA,2026-05-30T22:34:51Z,$MSFT $TSLA $QQQ so calls?,,0,0,,827097,StockTech7,252,216,120,2016-08-24,False
654884914,TSLA,2026-05-30T22:28:37Z,"$MSFT $TSLA $QQQ Warning on the SpaceX/OpenAI IPOs. Combined $3T valuation looks like a massive liquidity trap. Insiders are cashing out after the bulk of growth is done, and NASDAQ fast-entry rules will force passive buying from retail retirement funds. Don&#39;t be the exit liquidity.    Source: ChartsFocusOne",,0,0,,3478275,Pravo_Koirala,873,56,39,2020-05-19,False
654884585,TSLA,2026-05-30T22:14:32Z,$SPY $QQQ $TSLA $BTC.X $DJT so calls?,,0,0,,827097,StockTech7,252,216,120,2016-08-24,False
654884565,TSLA,2026-05-30T22:13:08Z,$SPY $QQQ $TSLA $BTC.X $DJT yes sir .. .,,0,0,,7042494,moneygrab001,164,106,103,2022-11-28,False
654884484,TSLA,2026-05-30T22:09:30Z,$TSLA The ‘autopilot’ branding is so misleading.. Not sure what happened in this case. https://l.smartnews.com/p-7PazIP5u/NTByRZ,,0,0,,275870,vcd103,65,43,89,2013-10-31,False
654884299,TSLA,2026-05-30T22:02:12Z,$HOOD Get me a Cheese Burger with Double the Bacon and hold the Cheese. Light Speed till the Fries are Toast!! Center Console Sweet Relish.  Side to Side Rolling Thunder!!!! ALL IN!!! Like a VW stuffing contest. Light it up!!! $TSLA,Bullish,0,0,,6193949,BrokeBail,28,4,0,2021-12-22,False
654883462,TSLA,2026-05-30T21:26:26Z,"$TE $FSLR $TSLA From the NY Times  First Solar Inc., a photovoltaic solar and manufacturing company, hired Mr. Trump’s campaign pollster, Fabrizio, Lee &amp; Associates, in February to gauge how Republican voters felt about the technology. The findings: Most of them like solar, especially if the panels are made in the United States and without Chinese materials.  Separately, a group of solar companies formed a coalition called American Energy First and commissioned a poll by Kellyanne Conway, Mr. Trump’s longtime adviser. That survey found that 75 percent of Trump voters supported expanding U.S. solar energy, garnering a headline in Breitbart, a right-wing news outlet.  The solar coalition is also amplifying conservatives who have written recently about the benefits of clean energy, such as Newt Gingrich, the Republican former House speaker and an informal Trump adviser.   https://www.nytimes.com/2026/03/26/climate/solar-energy-politics-campaigns.html?smid=nytcore-ios-share",,0,0,,685733,WantedToRetireEarly,1241,412,143,2016-02-09,False
654883205,TSLA,2026-05-30T21:15:08Z,"$MU $NVDA $SPY $TSLA He might actually make real profits if he just does a Space Ghost movie.  Dress his ass up with a mask.  He can talk about going to mars, how he rapes the governtards and invite friends like Rogan and Tyson to do shrooms.  Movie will be a blockbuster, Im sure it will top masters of the universe.",,0,0,,208468,HIRISKtrades,214,16,5,2013-01-19,False
654883066,TSLA,2026-05-30T21:08:41Z,$DJT $TSLA,Bearish,0,0,,10063468,fel0n_drumpf,122,298,14,2025-04-29,False
654882842,TSLA,2026-05-30T20:59:23Z,$DJT  $JPM $TSLA  $GRPN        Fit for Office: President Donald J. Trump Sterling Medical Endorsement – CWEB US News https://cweb.com/fit-for-office-president-donald-j-trump-sterling-medical-endorsement-cweb-us-news/,Bullish,0,0,,1519377,SquawkAlley,180214,64,120,2018-06-13,False
654882471,TSLA,2026-05-30T20:44:09Z,$SMMT $MRK $TSLA $F .,Bullish,0,0,,1682032,officialshawn,2526,185,95,2018-10-26,False
654882463,TSLA,2026-05-30T20:43:31Z,"$MU $NVDA $SPY $TSLA Musk is predicted to become a ‘trillionaire’ off speculation on SpaceX this year, a company with $16 billion in revenue and $16 billion in losses. No profit. He will ‘become a trillionaire’ without being taxed a dollar on this windfall then *realize* that profit by using it as collateral for loans, again without being taxed. You can’t beat this. Business with no profit. A trillion dollars handed over. No taxes paid.",,0,0,,9924786,HeroicJobCreator,106,0,4,2025-03-10,False
654882399,TSLA,2026-05-30T20:41:26Z,$SMMT $MRK $TSLA $F,Bullish,0,0,,1682032,officialshawn,2526,185,95,2018-10-26,False
654882021,TSLA,2026-05-30T20:25:52Z,$SPY $DELL $TSLA $AMZN $META &gt;&gt;   Tech CEO billionaires:   MONEY 💰 IS OUR GOD AND GREED IS OUR RELIGION 🙏,,0,0,,411858,ospreyeye,36865,487,249,2014-10-14,False
654881762,TSLA,2026-05-30T20:16:05Z,"$SPY $QQQ $TSLA $BTC.X $DJT  Tehran has rejected Washington&#39;s demands to surrender its enriched uranium stockpiles, with no change expected to Iran&#39;s nuclear posture.",Bearish,0,0,,3897977,TheBullofWalllStreet,522,90,15,2020-08-03,False
654881576,TSLA,2026-05-30T20:07:28Z,$DJT $QQQ $SPY $TSLA He’s an fn idiot!,,0,0,,9518029,MB6288,28,13,6,2024-10-15,False
654905892,NVDA,2026-05-31T18:23:27Z,$NVDA https://youtu.be/o8FL3nVDM5M?si=4grlNDPb_ek8yPTh $MSFT,,0,0,,1259891,Bitcoin20K,334,143,146,2017-11-08,False
654905829,NVDA,2026-05-31T18:21:11Z,$NVDA,,0,0,,5728136,Shutking,86,12,42,2021-07-15,False
654905786,NVDA,2026-05-31T18:20:07Z,"$NVDA well if Nvidia can get just 5% market share of it, that would be 2t usd revenue 1t usd net income and 30t usd market cap just for this segment, making overall 50t usd market cap feasible..",,0,0,,606656,staccani,81,60,20,2015-09-27,False
654905761,NVDA,2026-05-31T18:19:23Z,$NVDA $MSFT and $ARM are into something in Taipei. Will QNX be involved from $BB ?   Will know soon.,Bullish,0,0,,8875090,Thamb19,289,36,24,2024-02-23,False
654905728,NVDA,2026-05-31T18:18:18Z,"First wave of rack deployments rolling out through 2030 — the value chain splits across clear winners:    GPUs dominate at 50%, led by $NVDA.    Memory takes 25%, driven by HBM4 and LPDDR5X, with $MU, Samsung, and SK hynix positioned in the flow.    Networking &amp; interconnect accounts for 10%, where $ANET, MRVL, AVGO, and CIEN sit.    Power and liquid cooling make up 7%, led by $VRT, ETN, PWR, and MOD.    Server integration and rack assembly represent 5%, including $DELL, SMCI, and HPQ.    The remaining 3% is advanced packaging &amp; optics, featuring TSM, AMKR, LITE, COHR, and AAOI.",,0,0,,10885937,capitalthinktank,232,181,0,2026-03-03,False
654905597,NVDA,2026-05-31T18:13:26Z,$NVDA  Momentum investing has totally warped market dynamics.,,0,0,,5125930,Green_Is_Beautiful,43,18,33,2021-02-24,False
654905573,NVDA,2026-05-31T18:12:48Z,$NVDA Nvidia upcoming N1X processor could ship in roughly   10 million devices over the next two years  https://www.benzinga.com/markets/tech/26/05/52893875/nvidia-n1x-ai-pc-ship-10-million-units-windows-real-test-ming-chi-kuo,Bullish,0,0,,6036495,fanttomas,173,3,2,2021-10-28,False
654905533,NVDA,2026-05-31T18:11:31Z,$NVDA https://x.com/wallstengine/status/2060889299273601283?s=20 $MSFT partnership coming. $TSM,Bullish,0,0,,1259891,Bitcoin20K,334,143,146,2017-11-08,False
654905517,NVDA,2026-05-31T18:10:59Z,$NVDA Microsoft Plans Surface PC with New High-End CPU from Nvidia,Bullish,0,0,,6036495,fanttomas,173,3,2,2021-10-28,False
654905491,NVDA,2026-05-31T18:09:54Z,$NVDA nvidia profit margins will be affected by microns memory cost. Profit margin growth will either stagnant or decrease. It’s a sell for now.,Bearish,0,0,,9299246,AI_fever,100,21,14,2024-07-11,False
654905460,NVDA,2026-05-31T18:08:57Z,$NVDA,Bullish,0,0,,9963368,CynicalCapital,42,7,10,2025-03-21,False
654905383,NVDA,2026-05-31T18:06:39Z,$BTC.X $DJT $NVDA $SPY $TSLA  Like when MAGA says they’re pro life but then actively protect PDFs and demonize the victims.,Bearish,0,0,,10621193,Ermergerd,19,15,20,2025-10-24,False
654905137,NVDA,2026-05-31T17:58:34Z,"$INFQ  By the end of this current year or at worst by the mid of 2027 , this will be the #1 quantum stock on this darn market. NONE of the others can do what we do. None of them. If you insist.. 1. Neutral Atom Architecture  2. Diversive commercial revenue streams. 3. Native integration with A.I. ( specifically with $NVDA NVQLink) 4. Ladies and Gentlemen we are the hybrid quantum company. $IONQ accuracy rate is 99.99% We are at 99.73%. They got us there but.. We&#39;re in outer space( the Final Frontier)🤣 They are not. For right now according to most , $IONQ is ranked #1. Which means to me that we&#39;re looking up and are in a pure &quot; chase mode&quot;. My point ? Other quantum companies.. We are..",Bullish,0,0,,8892217,dick_dasterdly,103,67,7,2024-03-05,False
654905113,NVDA,2026-05-31T17:57:36Z,$BTC.X $DJT $NVDA $SPY $TSLA,Bullish,0,0,,3879445,MilhouseVanhouten,114,2,33,2020-07-30,False
654904997,NVDA,2026-05-31T17:53:45Z,$SPY $QQQ $NVDA $AAPL $UVXY,,0,0,,812524,sethmarcus,5692,325,14,2016-08-05,False
654904993,NVDA,2026-05-31T17:53:40Z,$NVDA $SMH $SOXL $QQQ $MU,,0,0,,812524,sethmarcus,5692,325,14,2016-08-05,False
654904990,NVDA,2026-05-31T17:53:32Z,$SPY $QQQ $VIX $NVDA $UVXY,,0,0,,812524,sethmarcus,5692,325,14,2016-08-05,False
654904325,NVDA,2026-05-31T17:32:08Z,$NVDA $TSLA   Jensen Huang just called humanoid robots a $40 trillion market. Here’s why Wall Street is loading up on physical AI stocks  Story by Michael Williams • 6h •   https://www.msn.com/en-us/money/savingandinvesting/jensen-huang-just-called-humanoid-robots-a-40-trillion-market-here-s-why-wall-street-is-loading-up-on-physical-ai-stocks/ar-AA24tY4m?ocid=BingNewsSerp,,0,0,,4459467,AStrokeOfLuck,590,14,128,2020-12-22,False
654904315,NVDA,2026-05-31T17:31:47Z,"$NVDA   $MU   $INTC   $AMD   AI PHYSICAL Focus!    Check out why people are talking so much about BB blackberry, also it’s making higher high each day. Review your charts and you will see why.  BBelieve! Invest, stop trading for loss!",Bullish,0,0,,10666493,Marktraderly,33,6,6,2025-11-11,False
654904024,NVDA,2026-05-31T17:21:59Z,$NVDA T-12 hours until NVDA destroys $INTC  and $AMD  in the CPU game,Bullish,0,0,,10457679,Tammybluntz,152,0,12,2025-08-29,False
654903990,NVDA,2026-05-31T17:20:50Z,$NVDA,,0,0,,284016,jayjogia,248,84,138,2013-11-23,False
654903923,NVDA,2026-05-31T17:18:43Z,$MU $NVDA $AMD $DELL,,0,0,,9630410,CNGLLC,254,236,186,2024-12-03,False
654903911,NVDA,2026-05-31T17:18:16Z,"$BB $NVDA If robotics truly is the future and BlackBerry maintains market share of the robotic operating system market, this stock will 50x!     Its one of those plays you kind of just need to set it and forget it. This is a real long term play even though there has been a lot of short term hype.    But the hype is very real and who knows if price will ever come back down to the single digits.    This is a buy the ticket and take the ride kind of play.    Not telling you to go all in but just buy the ticket because it can be exceptionally valuable one day.    Wall Street still pricing BlackBerry like it still makes phones. That’s how you know you’re still early...",,0,0,,6159287,DrSilbergleit,1082,7,98,2021-12-05,False
654903874,NVDA,2026-05-31T17:17:11Z,"@BlackSheepPhD  $MU $NVDA $AMD $DELL The thing about AI, is everyone wants in.. And in order to be the best you have to have it be faster and faster all the time.. you have to out pace your compeditors.. In order to out pace them, you have to always buy the faster stuff out there...  Guess what, in order for the companies to keep selling, they need to supply the latest and greats..  That means the Demand will always be there and always more and more !!! It will never stop now !!!    THAT MEANS MORE MONEY BABY !!!!",Bullish,0,0,,9630410,CNGLLC,254,236,186,2024-12-03,False
654903828,NVDA,2026-05-31T17:15:43Z,$NVDA I hope what they have planned is good cause I am tired of the stock price movement which out of touch with reality if any stock in semis deserve to go up it is this one for real,Bullish,0,0,,9891410,Y_D,4,3,45,2025-02-24,False
654903781,NVDA,2026-05-31T17:14:09Z,"$NVDA Sad to see. The U.S. thought it was cutting China off, but all it did was speed up China’s chip industry. Nvidia went from king of the hill to sidelined.",Bullish,0,0,,10306383,markxtill,7,4,6,2025-07-15,False
654903742,NVDA,2026-05-31T17:12:38Z,"$BB $NVDA All robotics need a software that makes their tasks 100% precise and 100% safety certified, required by every single government    That’s where BlackBerry comes in with their QNX software.    That’s why NVDIA has partnered and implemented QNX into their software stack     This isn’t a decision for robotic company’s, they NEED to implement safety certified operating systems for their robotics    And what still blows my mind is the operating system for robotics, BB&#39;s QNX, is only trading at a $5.3B marketcap.    The risk reward here is incredible !",,0,0,,6159287,DrSilbergleit,1082,7,98,2021-12-05,False
654903672,NVDA,2026-05-31T17:10:16Z,"$NVDA Honestly, China’s edge isn’t better hardware, it’s government support. Nvidia’s way ahead in innovation, but stuck dealing with restrictions that slow it down.",Bullish,0,0,,10304364,christineee123,4,3,8,2025-07-15,False
654903528,NVDA,2026-05-31T17:05:21Z,"$NVDA ’s still huge, but the tide’s turning. China’s pumping out GPUs fast, and with the U.S. bans, they don’t really need American chips anymore. Feels like the U.S. built the best tech but boxed itself out of a massive market.",Bullish,0,0,,10304372,amberlygl,7,4,2,2025-07-15,False
654903526,NVDA,2026-05-31T17:05:19Z,$NVDA The entire AI Complex of companies has increased dramatically over the past few months while Nvidia started relatively subdued. Nvidia brought them to the party. Now it’s time for Nvidia to hit new highs dragging all of them alone. This week is the week.,Bullish,0,0,,5728136,Shutking,86,12,42,2021-07-15,False
654903496,NVDA,2026-05-31T17:04:23Z,$BB $NVDA is printing millions of chips with BlackBerry&#39;s QNX embedded inside them.     QNX quietly rides shotgun in the AI hardware gold rush. Invisible software tends to become very visible once the revenue starts piling up.    https://x.com/silberschmelzer/status/2059256235103555964,,0,0,,6159287,DrSilbergleit,1082,7,98,2021-12-05,False
654903372,NVDA,2026-05-31T17:00:24Z,$NVDA so you’re saying Nvidia just captured 1/50th of the pc market just getting their foot in the door and without any hitting the stores yet?  And that’s bad how?🤣,,0,0,,3519345,Itzjussmee,12,7,1,2020-05-28,False
654903230,NVDA,2026-05-31T16:55:41Z,"I have written before and will defend throughout:      Economically benefiting from the fear of black swans is far   more profitable, and far more reliable, than trying to   predict what will make the crowd panic next. The latter is   nearly impossible. The former is close to structural.    $SPY $QQQ $VIX $UVXY $NVDA",,0,0,,812524,sethmarcus,5692,325,14,2016-08-05,False
654903216,NVDA,2026-05-31T16:55:06Z,$NVDA what will bulls say when overnight opens red and hypurscan instantly drops to match it,Bearish,0,0,,418100,BashNew,182,90,124,2014-10-31,False
654903047,NVDA,2026-05-31T16:49:10Z,$BTC.X $TSLA $RDDT $NVDA $SOL.X,Bullish,0,0,,8272330,Stichy,438,2118,128,2023-09-21,False
654903007,NVDA,2026-05-31T16:48:07Z,@sanhe $NVDA nvidia always working hard i see !,Bullish,0,0,,10666493,Marktraderly,33,6,6,2025-11-11,False
654902662,NVDA,2026-05-31T16:37:24Z,$SMCI $NVDA   Register now for tomorrow session: https://hubs.la/Q04jpn6W0,Bullish,0,0,,5477260,AIQUANTUMBIO,33,5,54,2021-05-16,False
654902487,NVDA,2026-05-31T16:32:39Z,$NVDA $AMD $INTC,,0,0,,811974,SonGoku,10216,5202,19,2016-08-04,False
654902447,NVDA,2026-05-31T16:31:45Z,$SPY $DJT $NVDA $TSLA $BTC.X,,0,0,,5932993,ThinkYouCan,242,26,12,2021-09-21,False
654902172,NVDA,2026-05-31T16:22:48Z,"$NVDA $TSLA    The Physical AI era is emerging: a ~$40T robotics revolution    AI is shifting from software into embodied hardware intelligence. NVIDIA CEO Jensen Huang sees humanoid robots unlocking a ~$40 trillion labor automation market, driving strong capital positioning.    Physical AI is essentially digital intelligence with a body. Autonomous driving and humanoid robots share the same core stack of perception, planning, and control, with scale potential beyond smartphones and EVs.    The market is forming around two pillars: NVIDIA as the infrastructure layer powering training and compute via chips and the Isaac platform; and Tesla as one of the few players pushing humanoid robots toward real commercialization. Capital inflows continue to signal an early but accelerating industrial cycle.",,0,0,,10885937,capitalthinktank,232,181,0,2026-03-03,False
654902030,NVDA,2026-05-31T16:18:32Z,$SPY $DJT $NVDA $TSLA $BTC.X     If Trump ran again...,,0,0,,5932993,ThinkYouCan,242,26,12,2021-09-21,False
654901954,NVDA,2026-05-31T16:15:40Z,"Taiwan is back at the center of the AI chip cycle.     Computex 2026 opens June 2 in Taipei and the entire semiconductor leadership is converging around AI infrastructure and supply chain expansion.     $NVDA $QCOM $MRVL $NXPI $INT.X are not just attending, they are effectively setting the tone for the next 3 to 5 years of compute demand and capacity planning.     With Jensen Huang, Lisa Su, and Lip Bu Tan all present, the message is clear: the AI hardware race is tightening at the highest level.     From AI servers to robotics, this event is where roadmaps get positioned before the market fully reacts.     Expect sentiment and flow shifts across semis into and after the summit.",,0,0,,10885937,capitalthinktank,232,181,0,2026-03-03,False
654901814,NVDA,2026-05-31T16:11:05Z,"$NVDA May 30 (Reuters) - AI chip firm Nvidia(NVDA) and Microsoft(MSFT) are expected next week to debut the first Windows PCs that use Nvidia&#39;s(NVDA) chips as the main processor, Axios reported on Saturday, citing sources.    Nvidia (NVDA)-powered computers are expected both from Microsoft&#39;s(MSFT) Surface brand as well as other computer makers including Dell.    Microsoft&#39;s (MSFT) efforts to shift to more battery-life-friendly chips have yet to drive a significant sales boom. Its primary rival Apple, which uses its own chips, unveiled updated MacBooks featuring its latest M5-series chips in March.     Microsoft (MSFT) and Nvidia(NVDA) will unveil the new PCs at the Computex trade show in Taiwan and Microsoft&#39;s(MSFT) Build developer conference in San Francisco, the report said.",Bullish,0,0,,1129956,beth2018,176,91,17,2017-07-19,False
654901754,NVDA,2026-05-31T16:09:12Z,"$TSSI They didn&#39;t mention TSS, but that doesn&#39;t mean we didn&#39;t have involvement.  $DELL delivered the world’s first $NVDA Vera Rubin NVL72 rack to $CRWV marking the first confirmed shipment of Nvidia’s next-gen AI rack system.  The system includes 72 Rubin GPUs, 36 Vera CPUs, 3.6 exaFLOPS of FP4 inference, 75TB of fast memory and 260TB/s of NVLink bandwidth.",Bullish,0,0,,260443,NobVega,127,14,32,2013-09-11,False
654901742,NVDA,2026-05-31T16:08:54Z,"$NVDA engaged LONG from our daily focus list on 4/27/26, using this BREAKOUT price pattern. The June 200 calls paid out +145%",Bullish,0,0,,23091,FITZSTOCK2004,5706,2,0,2010-09-05,False
654901724,NVDA,2026-05-31T16:08:08Z,$NVDA 220+ on Monday,Bullish,0,0,,501123,max32901,23,73,22,2015-04-15,False
654901614,NVDA,2026-05-31T16:04:41Z,$NVDA bears Monday Morning as we sell off after Keynote,Bearish,0,0,,418100,BashNew,182,90,124,2014-10-31,False
654901481,NVDA,2026-05-31T15:59:43Z,$MRVL   grind up to 250 or 300 before this A.I. supercycle show ends    $AI   $NVDA   $AVGO   $MU,Bullish,0,0,,5752489,stockWare,482,62,296,2021-07-23,False
654901447,NVDA,2026-05-31T15:58:36Z,"$NVDA it’ll be funny when Jensen says a lot of bullish stuff and all the other stocks he mentions are up 10%, but NVIDIA willl be like -0.02 😂",Bullish,0,0,,10008926,Notsad21,27,19,10,2025-04-09,False
654901377,NVDA,2026-05-31T15:56:34Z,$NVDA,Bearish,0,0,,6107678,Elito221,0,0,1,2021-11-17,False
654901282,NVDA,2026-05-31T15:53:50Z,@Jblack500 @No_Face_character @cynicaloptimist @IsabellaDC @BustaCapital @WAJeff @WarrenPsnik   $DELL $NVDA,,0,0,,1398988,MaverikIT,1576,96,286,2018-02-04,False
654901185,NVDA,2026-05-31T15:51:27Z,"$NVDA dump coming Monday, no real rev expected from niche N1X",Bearish,0,0,,418100,BashNew,182,90,124,2014-10-31,False
654901074,NVDA,2026-05-31T15:47:54Z,$NVDA Retesting support,Bullish,0,0,,11671,KarSun01,457,121,9,2010-03-30,False
654901052,NVDA,2026-05-31T15:47:07Z,$NVDA $MU $SNDK $AMD $ARM,,0,0,,5355655,ezekeil,188,64,26,2021-04-16,False
654900968,NVDA,2026-05-31T15:44:47Z,"$NVDA That selloff Friday sure does seem suspect. But, looking at volume profiles for April and May (left chart) May value area is clearly above April&#39;s. And considering price is at that Sept 2025 high, not unreasonable to think a back test is in play. But, if this gaps down, or initially sells further into top of April value area (206) will be watching if buyers show up to start a swing long.",,0,0,,9732654,Playthecasino,255,47,0,2025-01-06,False
654900941,NVDA,2026-05-31T15:43:39Z,$SOXX $SOXL $NVDA $MU $QQQ     AI costs spiral as firms lose spending control.    https://m.economictimes.com/tech/artificial-intelligence/ai-costs-spiral-as-firms-lose-spending-control/articleshow/131397973.cms,,0,0,,5355655,ezekeil,188,64,26,2021-04-16,False
654900735,NVDA,2026-05-31T15:37:07Z,"$QQQ $SPY $NVDA $BTC.X $ETH.X forecasted to be at $2.49K at the end of 2026, per Kalshi traders.🤔🤔",,0,0,,514690,EconomyEngine,729,20,26,2015-05-08,False
654900612,NVDA,2026-05-31T15:32:55Z,"$NVDA first Microsoft PC&#39;s powered by Nvidia coming real soon, pretty good !!",,0,0,,938543,jujets,45,39,11,2017-01-28,False
654900595,NVDA,2026-05-31T15:32:38Z,"$DELL +17% after hours, $NVDA hitting an $81.6B revenue run-rate, and tech cannibalizing defensively-positioned sectors. This isn&#39;t a broad-market macro expansion, it&#39;s a structural capital vacuum. Enjoy the weekend before the execution window reopens.",,0,0,,10938188,apter,0,0,0,2026-04-13,False
654900540,NVDA,2026-05-31T15:31:15Z,Wall Street target revisions are coming in fast and aggressive    $MU UBS lifted PT from 535 to 1625 a massive 204 percent jump and now sits at a new Street high    $NVDA Feinseth raised PT from 360 to 425 showing continued upside expectations    $MRVL saw a wave of upgrades in a single session  Benchmark moved from 130 to 275  Raymond James from 105 to 235  HSBC upgraded to Buy with PT 300    $OKTA flipped sentiment after earnings  Arete upgraded from Sell to Buy  Goldman Sachs set PT at 126    $OXY Barclays upgraded to Overweight with PT at 72    Which name stands out most to you right now,,0,0,,10885937,capitalthinktank,232,181,0,2026-03-03,False
654900382,NVDA,2026-05-31T15:26:14Z,$NVDA 8 pm pst Sunday evening Jensen will start his presentation at the big tech conference in Taipei. Overnight trading will be crazy tonight.,Bullish,0,0,,5728136,Shutking,86,12,42,2021-07-15,False
654900337,NVDA,2026-05-31T15:25:04Z,"$NVDA   re-test of the breakout using @MarketWebs #VolumeAtPrice system  I added a long on Friday  🔹Microsoft will launch the first Windows PC powered by Nvidia chips next week at the Computex trade show in Taiwan and Microsoft&#39;s Build conference in San Francisco. 🔹Nvidia hopes that these new chips will help it compete with those made by top companies like Intel and Advanced Micro Devices, which dominate the industry.  @sp3cul8r has been all over this  @sssvenky has noted large call activity",,0,0,,657798,cfromhertz,7276,126,1,2015-12-25,True
654899823,NVDA,2026-05-31T15:09:01Z,$NVDA 224 by tomorrow,Bullish,0,0,,9586583,Xmanbull,0,0,3,2024-11-15,False
654899785,NVDA,2026-05-31T15:07:47Z,"$ETH $BTC $SOL $MSFT $NVDA  AI Infrastructure is quietly becoming the new center of crypto capital as Ethereum slows, Broadcom expands, and institutions wait for privacy.  https://www.thecryptofire.com/p/ai-infrastructure-boom-changes-how-smart-money-moves",Bullish,0,0,,10067663,thecryptofire,50,5,0,2025-05-01,False
654899761,NVDA,2026-05-31T15:06:40Z,$BSX $SPY $QQQ $NVDA $BTC.X Dishonest swine like you deserves to get blocked. I’ll keep on exposing you for being a POS,,0,0,,10080389,DiamondHands_McGee,81,66,14,2025-05-06,False
654899530,NVDA,2026-05-31T14:58:13Z,"$AMZN $META $MSFT $NVDA Hey Dumb, MSFT P/E is below 10-Year Median. Highly undervalued. Will be $1,000 by the EOY. 🚀",,0,0,,10842463,Undone_ai,10,1,0,2026-02-02,False
654899481,NVDA,2026-05-31T14:56:24Z,"$NVDA Okay, I’m reading Microsoft will be including Nvidia technology into newer computers world wide. Both Microsoft and Nvidia released this information together this weekend.  Releasing this information before this big tech week is huge. I really think this is the kind of news that can move this stock into the 300’s. It should also move Microsoft stock. We will see at 5 pm pst.",Bullish,0,0,,5728136,Shutking,86,12,42,2021-07-15,False
654899317,NVDA,2026-05-31T14:50:42Z,"$NVDA $MU $SNDK $LITE    EU AI infra is repricing. SoftBank rolling a €75B (~$82B) France AI buildout, with ~€45B (~$49B) first phase over 5 years targeting ~5GW data center capacity. This is real capex into compute, not just headline noise.    Europe has been lagging US/China due to energy costs, but this scale of investment forces demand across memory, storage, optics and GPU ecosystems.    If execution holds through 2031, it’s structurally bullish for AI hardware: NVDA compute demand, MU HBM bandwidth, SNDK storage expansion, LITE optical/interconnect.    Still think market underestimates how much power per GW AI actually consumes. Follow infrastructure capex, not sentiment.",,0,0,,10885937,capitalthinktank,232,181,0,2026-03-03,False
654899175,NVDA,2026-05-31T14:45:44Z,"$NVDA Jenson is taking care of himself, workers and other companies and NOT HIS STOCKHOLDERS---DURING THE QUARTER--Of the 70 BIL before taxes made---15 Bil of the 70 related to gains on  NVDA&#39;s stock holdings in other companies like INTEL----NVDA only purchased 19 Bil of its own stock but gave himself and employess 1.9 Bil in stock compensation--He used company cash to purchase 26 BIL in other companies stock and at the end of teh quarter there was 75 Bil held in other companies stock---I SAY SELL THE STOCK AND START THE REPURCHASES OF NVDA&#39;s STOCK--",,0,0,,4100163,mollielatham,94,0,25,2020-09-23,False
654899149,NVDA,2026-05-31T14:44:38Z,Market Running? Strategies To Avoid FOMO $NVDA $SMH https://talkmarkets.com/article/market-running-strategies-to-avoid-fomo-1780236477,,0,0,,296805,TalkMarkets,31991,344,0,2014-01-05,True
654899118,NVDA,2026-05-31T14:43:36Z,JUNE MARKET OUTLOOK - THE STOCKS READY TO RUN     What are the charts signalling going into June and which stocks are setting up for a move?    $NVDA $AMD $ARM $ORCL and could $CRDO start running again?     All charts fully assessed plus many many more 👇  https://www.honeystocks.com/analysis,,0,0,,950683,Honeystocks,5086,2,0,2017-02-09,True
654898725,NVDA,2026-05-31T14:30:58Z,$IBM https://x.com/stocktraderhub/status/2060847257314832464?s=46  Mooon 🚀🚀🚀  $DELL $NVDA $CRWV $MSFT,Bullish,0,0,,1360650,Klaudia_AI,309,4,297,2018-01-10,False
654898491,NVDA,2026-05-31T14:22:32Z,$MULN.X $NVDA     we like chips!    J6F9W8CLa1afkCdbxDSAyMeXo9Vsfvprv9QzHYMS5HgP,Bullish,0,0,,7669973,SphdBtbt,55,33,6,2023-04-13,False
654898335,NVDA,2026-05-31T14:16:52Z,"A lot of people are going to miss huge runs  $BB &amp; $NOK    These aren’t meme stocks they’re pivoting and unlike other companies who slap AI on the business these two have the tech to back it up. BB is going to be huge for robotics QNX software is a game changer. $NVDA &amp; $AMD are strategic partners. NVDA didn’t sink 1 billion into Nokia for nothing   Yes they’re up a good amount in the last year, but good chance they 3X+ by this time next year. We’re just getting starter. Just keep the good earnings and growth coming 👌🏻",,0,0,,1980664,Oceanavekid,1335,37,263,2019-04-02,False
654898135,NVDA,2026-05-31T14:09:33Z,$NVDA we up or down,,0,0,,1993800,ReverseBullflag,7,23,110,2019-04-08,False
654898102,NVDA,2026-05-31T14:08:31Z,$SPY $QQQ $IWM $NVDA $IBM   24 hours til money time &amp; it’s COMPUTEX week   some monster setups in the market right now-  Once in a lifetime market right now.   Put in the work when markets are closed so you can execute when we go live 🤑,,0,0,,7032897,TwoToesTrading,3684,0,171,2022-11-24,False
654898030,NVDA,2026-05-31T14:05:51Z,$NVDA,,0,0,,6107678,Elito221,0,0,1,2021-11-17,False
654897913,NVDA,2026-05-31T14:01:40Z,$NVDA gapping down hypurscan ouch someone knows,Bearish,0,0,,418100,BashNew,182,90,124,2014-10-31,False
654897793,NVDA,2026-05-31T13:56:09Z,"$SPX implied move has slipped to ~102pts, even softer than last holiday week, but don’t mistake it for a quiet tape.     This week is stacked: $NVDA conference, a wave of semis + software earnings, and the monthly Jobs Report.     Catalysts are everywhere, yet price action keeps grinding into consolidation instead of a clean trend.    Vol sellers look comfortable, and intraday chop is becoming the default environment.     With positioning light and volatility compressed, liquidity pockets matter more than direction.     Early-week drift may mask the real move into data releases.     Risk here isn’t lack of news, it’s overcompressed volatility waiting for a break.     Feels like the market is already leaning into next week’s SpaceX IPO narrative, and once $SPX wakes up, the expansion could be sharp.",,0,0,,10885937,capitalthinktank,232,181,0,2026-03-03,False
654897561,NVDA,2026-05-31T13:47:16Z,"$BB BlackBerry QNX and Nvidia Deepen Collaboration to Advance Safety-Critical Edge AI Across Robotics, Medical, and Industrial Systems... $BB.TSX $NVDA https://www.nasdaq.com/press-release/qnx-and-nvidia-deepen-collaboration-advance-safety-critical-edge-ai-across-robotics",Bullish,0,0,,473512,REALALOY,569,79,252,2015-02-24,False
654897543,NVDA,2026-05-31T13:46:35Z,$NVDA hey y’all,Bullish,0,0,,5290409,Cstanle4,240,230,11,2021-03-27,False
654897080,NVDA,2026-05-31T13:27:15Z,$AAPL $NVDA $QQQ $SPY $UVXY,,0,0,,122638,Higreg,379,307,25,2011-12-06,False
654896989,NVDA,2026-05-31T13:23:05Z,$CRWV $DELL $IBM $NVDA   Open the fucking market nowwwww  $MRAM   🙏🙏🙏,Bullish,0,0,,1360650,Klaudia_AI,309,4,297,2018-01-10,False
654896879,NVDA,2026-05-31T13:18:24Z,$NVDA,Bullish,0,0,,9379553,Grogu007,11,6,40,2024-08-14,False
654896826,NVDA,2026-05-31T13:15:20Z,"Every. SINGLE. Quarter. since Q4 2022, $NVDA has rallied in the 20-day period leading up to the quarterly earnings release. If ever-achieving all-time highs hasn&#39;t been enought to inform that all pullbacks are buyable, the raw data evidences as such as well.     More inside this weekend&#39;s macro-market Research Report!    $SMH $SOXL $QQQ $MU",,0,0,,812524,sethmarcus,5692,325,14,2016-08-05,False
654896822,NVDA,2026-05-31T13:15:10Z,"$NVDA that’s been happening all week as the ship was sinking, very strange NVIDIA behavior this week",,0,0,,9851667,phillbank,78,47,22,2025-02-11,False
654896783,NVDA,2026-05-31T13:13:22Z,$NVDA raised analyst upgrades coming again.,Bullish,0,0,,5730516,RunningBull26,91,21,15,2021-07-16,False
654896637,NVDA,2026-05-31T13:06:20Z,$AMD $NVDA $AVGO $MU   The AI inference market is projected to grow from $66B in 2025 to $292B by 2029 (45% CAGR)!    This will be the new bottleneck in the AI story and a few companies will benefit from the surging inference workloads.,,0,0,,811974,SonGoku,10216,5202,19,2016-08-04,False
654896607,NVDA,2026-05-31T13:04:51Z,$NVDA not even close 216,,0,0,,418100,BashNew,182,90,124,2014-10-31,False
654896601,NVDA,2026-05-31T13:04:30Z,$NVDA,,0,0,,613956,josephe87,92,86,50,2015-10-10,False
